dataset,stage,embryo,n_sections,sections,L,shape,sse_valley,sse_monotone,fit_rms,p_value
HESTA,CS12-13,1,4,"1,2,3,4","0.83,0.70,0.45,0.72",valley,0.0,0.037234401211079994,0.0,0.3333333333333333
HESTA,CS12-13,2,8,"1,2,3,4,5,6,7,8","0.37,0.28,0.46,0.44,0.49,0.48,0.46,0.53",monotone,0.0007690891202606937,0.005090820238031352,0.02522602881457799,0.04523809523809524
HESTA,CS14-15,1,4,"1,2,3,4","0.92,0.89,0.73,0.73",monotone,0.0,0.0,0.0,0.3333333333333333
HESTA,CS14-15,2,10,"1,2,3,4,5,6,7,8,9,10","0.78,0.80,0.53,0.63,0.56,0.20,0.05,0.07,0.15,0.23",valley,0.0055655626267057685,0.025745473629801376,0.02359144469231541,0.0015
HESTA,CS14-15,3,4,"1,2,3,4","0.65,0.33,0.33,0.50",valley,0.0,0.020167560062063848,0.0,0.3333333333333333
HESTA,CS17,1,10,"1,2,3,4,5,6,7,8,9,10","1.00,0.93,0.89,0.77,0.67,0.76,0.80,0.75,0.67,0.47",monotone,0.009237484579312769,0.009237484579312769,0.030393230462247293,0.01355
HESTA,CS18,1,6,"1,2,3,4,5,6","0.33,0.56,0.67,0.53,0.53,0.67",monotone,0.01247442972152344,0.01247442972152344,0.04559683783173902,0.5666666666666667
HESTA,CS19,1,3,"1,2,3","0.55,0.62,0.62",monotone,3.882348703111276e-05,3.882348703111276e-05,0.003597382707428312,1.0
HESTA,CS19,2,4,"1,2,3,4","0.46,0.43,0.21,0.06",monotone,0.0,0.0,0.0,0.3333333333333333
HESTA,CS20,1,7,"1,2,3,4,5,6,7","0.84,1.00,0.80,0.79,0.79,0.63,0.68",monotone,0.012678664927993572,0.013718935126704095,0.04427016913502186,0.2
HESTA,CS20,2,4,"1,2,3,4","0.76,0.64,0.47,0.27",monotone,0.0,0.0,0.0,0.3333333333333333
HESTA,CS23,1,3,"1,2,3","0.28,0.57,0.72",monotone,0.0,0.0,0.0,0.6666666666666666
HESTA,CS23,2,10,"1,2,3,4,5,6,7,8,9,10","0.77,0.76,0.81,0.84,0.66,0.39,0.57,0.63,0.68,0.77",valley,0.004161847133540784,0.08434920491726931,0.02040060571047042,0.0086
