key,dataset,file,stage,embryo,section,n_spots,frac_axial,frac_paramedian,frac_lateral,frac_classified,D_composition,C_axial_coverage,C_raw,body_length_px,axial_length_px,L_laterality,side_gene_frac,side_n_spots
HESTA:CS12-13_E1S1_HESTA,HESTA,CS12-13_E1S1_HESTA.h5ad,CS12-13,1,1,5819,0.0,0.052930056710775046,0.0,0.052930056710775046,0.5,0.0,0.0,155.923881554251,0.0,0.75,0.024193548387096774,1488
HESTA:CS12-13_E1S2_HESTA,HESTA,CS12-13_E1S2_HESTA.h5ad,CS12-13,1,2,7405,0.0,0.05887913571910871,0.0,0.05887913571910871,0.5,0.0,0.0,161.42135623730945,0.0,0.75,0.048582995951417005,988
HESTA:CS12-13_E1S3_HESTA,HESTA,CS12-13_E1S3_HESTA.h5ad,CS12-13,1,3,6824,0.1720398593200469,0.09188159437280187,0.018903868698710434,0.2828253223915592,0.22927461139896374,0.3503746796069177,0.3503746796069177,157.2964645562816,55.11269837220805,0.43944996589602303,0.026923076923076925,520
HESTA:CS12-13_E1S4_HESTA,HESTA,CS12-13_E1S4_HESTA.h5ad,CS12-13,1,4,3860,0.0,0.08186528497409326,0.02772020725388601,0.10958549222797928,0.6264775413711584,0.0,0.0,97.81118318204297,0.0,0.8132387706855793,,0
HESTA:CS12-13_E2S1_HESTA,HESTA,CS12-13_E2S1_HESTA.h5ad,CS12-13,2,1,12138,0.2503707365299061,0.030894710825506672,0.03616740813972648,0.3174328554951392,0.1626005709836491,0.5435757762058422,0.5435757762058422,285.56349186104103,155.2253967444161,0.30951239738890346,0.04784688995215311,1254
HESTA:CS12-13_E2S2_HESTA,HESTA,CS12-13_E2S2_HESTA.h5ad,CS12-13,2,2,11123,0.2753753483772364,0.03614132877820732,0.008450957475501213,0.3199676346309449,0.08288845181230682,0.647397338992316,0.647397338992316,283.5218613006986,183.55129855222077,0.2177455564099954,0.03308823529411765,1088
HESTA:CS12-13_E2S3_HESTA,HESTA,CS12-13_E2S3_HESTA.h5ad,CS12-13,2,3,13257,0.20864448970355284,0.04480651731160896,0.00822207135852757,0.26167307837368936,0.11703660997405592,0.3825642313418296,0.3825642313418296,304.7350647362951,116.58073580374342,0.3672361893161132,0.04250797024442083,941
HESTA:CS12-13_E2S4_HESTA,HESTA,CS12-13_E2S4_HESTA.h5ad,CS12-13,2,4,12865,0.19937815779246015,0.10680139914496696,0.00963855421686747,0.3158181111542946,0.1996062023135614,0.459130131962675,0.459130131962675,317.3624817342641,145.71067811865473,0.3702380351754432,0.04285714285714286,1190
HESTA:CS12-13_E2S5_HESTA,HESTA,CS12-13_E2S5_HESTA.h5ad,CS12-13,2,5,11259,0.2432720490274447,0.02051691979749534,0.028155253574917844,0.2919442223998579,0.13157894736842105,0.3030555158967204,0.3030555158967204,326.5756851698608,98.97056274847711,0.4142617157358503,0.08560311284046693,771
HESTA:CS12-13_E2S6_HESTA,HESTA,CS12-13_E2S6_HESTA.h5ad,CS12-13,2,6,14843,0.18709155831031463,0.06743919692784478,0.037930337532843764,0.2924610927710032,0.24498963372494817,0.41483999337540944,0.41483999337540944,375.9360748630716,155.95331880577405,0.4150748201747694,0.17076598735066761,1423
HESTA:CS12-13_E2S7_HESTA,HESTA,CS12-13_E2S7_HESTA.h5ad,CS12-13,2,7,9603,0.2296157450796626,0.1235030719566802,0.023221909819847963,0.3763407268561908,0.22578859988931932,0.43735093344524467,0.43735093344524467,260.06601717798213,113.74011537017752,0.3942188332220373,0.1854990583804143,1062
HESTA:CS12-13_E2S8_HESTA,HESTA,CS12-13_E2S8_HESTA.h5ad,CS12-13,2,8,8906,0.20682685829777678,0.03795194251066697,0.023130473837862115,0.2679092746463059,0.15716680637049454,0.26354928100054836,0.26354928100054836,378.87720036002617,99.8528137423856,0.44680876268497305,0.1214017521902378,799
HESTA:CS12-13_E2_3D_HESTA,HESTA,CS12-13_E2_3D_HESTA.h5ad,?,?,?,106063,0.2298350980077878,0.05598559346803315,0.0212326636055929,0.3070533550814139,0.1603156569533577,0.4775884681381015,0.4775884681381015,1479.952452254001,706.8082245892151,0.3413635944076281,,0
HESTA:CS14-15_E1S1_HESTA,HESTA,CS14-15_E1S1_HESTA.h5ad,CS14-15,1,1,18374,0.0,0.04903668226842277,0.1077609665832154,0.1567976488516382,0.8436306837903506,0.0,0.0,334.2914139223989,0.0,0.9218153418951753,0.21379082810953481,3031
HESTA:CS14-15_E1S2_HESTA,HESTA,CS14-15_E1S2_HESTA.h5ad,CS14-15,1,2,21014,0.0,0.08218330636718378,0.08756067383648995,0.16974398020367373,0.7579198205775162,0.0,0.0,343.9482681718915,0.0,0.8789599102887581,0.15461215932914046,1908
HESTA:CS14-15_E1S3_HESTA,HESTA,CS14-15_E1S3_HESTA.h5ad,CS14-15,1,3,20637,0.01797741919852692,0.224645054998304,0.061249212579347775,0.3038716867761787,0.5712007654281613,0.16399995109347368,0.16399995109347368,300.6934341759518,49.31370849898474,0.7036004071673438,0.2645631067961165,2060
HESTA:CS14-15_E1S4_HESTA,HESTA,CS14-15_E1S4_HESTA.h5ad,CS14-15,1,4,22476,0.02798540665598861,0.10184196476241324,0.0894732158747108,0.21930058729311266,0.6401907080543721,0.2128628774406344,0.2128628774406344,303.80613254816,64.66904755831212,0.7136639153068689,0.2640914465904612,2537
HESTA:CS14-15_E2S10_HESTA,HESTA,CS14-15_E2S10_HESTA.h5ad,CS14-15,2,10,22203,0.22411385848759177,0.13682835652839706,0.0,0.36094221501598883,0.18954329922635388,0.7542189447837495,0.7542189447837495,420.3279938488592,317.01933598375695,0.21766217722130218,0.04481998530492285,2722
HESTA:CS14-15_E2S1_HESTA,HESTA,CS14-15_E2S1_HESTA.h5ad,CS14-15,2,1,16470,0.0,0.1469945355191257,0.025318761384335156,0.17231329690346084,0.5734672304439746,0.0,0.0,340.43354954612954,0.0,0.7867336152219873,0.05307386112339673,2261
HESTA:CS14-15_E2S2_HESTA,HESTA,CS14-15_E2S2_HESTA.h5ad,CS14-15,2,2,17782,0.0,0.08041840062985041,0.036778765043302214,0.11719716567315262,0.6569097888675623,0.0,0.0,343.0193359837566,0.0,0.8284548944337812,0.0625,1680
HESTA:CS14-15_E2S3_HESTA,HESTA,CS14-15_E2S3_HESTA.h5ad,CS14-15,2,3,19800,0.0698989898989899,0.08065656565656566,0.03601010101010101,0.18656565656565657,0.40917704385489984,0.35829442766872305,0.35829442766872305,333.9482681718909,119.65180361560888,0.5254413080930884,0.014285714285714285,1610
HESTA:CS14-15_E2S4_HESTA,HESTA,CS14-15_E2S4_HESTA.h5ad,CS14-15,2,4,16872,0.036036036036036036,0.19932432432432431,0.00995732574679943,0.2453176861071598,0.44684706450833533,0.18981781565618694,0.18981781565618694,329.24978336205623,62.49747468305827,0.6285146244260742,0.060084194412552624,2613
HESTA:CS14-15_E2S5_HESTA,HESTA,CS14-15_E2S5_HESTA.h5ad,CS14-15,2,5,21129,0.11912537271049269,0.0758199630839131,0.020777130957451845,0.21572246675185763,0.2720491443615621,0.1949127679171991,0.1949127679171991,360.2914139223993,70.22539674441613,0.5385681882221814,0.06739188113557973,3769
HESTA:CS14-15_E2S6_HESTA,HESTA,CS14-15_E2S6_HESTA.h5ad,CS14-15,2,6,19662,0.17866951480012205,0.06321839080459771,0.00732377174244736,0.24921167734716712,0.15622448979591838,0.7848230891870485,0.7848230891870485,362.4924240491753,284.4924240491753,0.18570070030443497,0.06974581525108493,3226
HESTA:CS14-15_E2S7_HESTA,HESTA,CS14-15_E2S7_HESTA.h5ad,CS14-15,2,7,23195,0.2462168570812675,0.02108212976934684,0.0,0.2672989868506144,0.03943548387096774,0.9596447986835424,0.9596447986835424,368.9066376115487,354.0193359837572,0.03989534259371269,0.07900334244910362,3291
HESTA:CS14-15_E2S8_HESTA,HESTA,CS14-15_E2S8_HESTA.h5ad,CS14-15,2,8,19803,0.3174266525273948,0.08725950613543403,0.0,0.40468615866282887,0.10781133017219865,1.0,1.0057707490303216,390.73506473629453,392.98989873223417,0.05390566508609933,0.03983516483516483,1456
HESTA:CS14-15_E2S9_HESTA,HESTA,CS14-15_E2S9_HESTA.h5ad,CS14-15,2,9,18797,0.33537266585093367,0.05681757727296909,0.0,0.39219024312390277,0.07243624525230602,0.760683358895718,0.760683358895718,397.3624817342645,302.26702730475876,0.155876443178294,0.08779661016949153,2950
HESTA:CS14-15_E3S1_HESTA,HESTA,CS14-15_E3S1_HESTA.h5ad,CS14-15,3,1,25535,0.03360093988643039,0.24695515958488348,0.1418445271196397,0.4224006265909536,0.6281290561839421,0.3536267598822636,0.3536267598822636,283.7056274847722,100.32590180780447,0.6372511481508393,0.09938366718027734,1298
HESTA:CS14-15_E3S2_HESTA,HESTA,CS14-15_E3S2_HESTA.h5ad,CS14-15,3,2,31576,0.17358120091208512,0.10922852799594629,0.1258234101849506,0.408633139092982,0.44156397736960395,0.802202401875166,0.802202401875166,290.30360723121896,232.88225099390866,0.319680787747219,0.15724563206577596,2919
HESTA:CS14-15_E3S3_HESTA,HESTA,CS14-15_E3S3_HESTA.h5ad,CS14-15,3,3,32816,0.19097391516333495,0.13277059970745977,0.07676133593369089,0.40050585080448564,0.3574145933196378,0.7025733666557179,0.7025733666557179,298.1787155501907,209.49242404917516,0.32742061333195993,0.10435779816513761,3488
HESTA:CS14-15_E3S4_HESTA,HESTA,CS14-15_E3S4_HESTA.h5ad,CS14-15,3,4,37379,0.2035367452312796,0.059364884025789884,0.06506327082051419,0.32796490007758367,0.28888979525246755,0.31547732660150246,0.31547732660150246,337.5756851698611,106.49747468305824,0.48670623432548255,0.07848588537211292,4676
HESTA:CS17_E1S10_HESTA,HESTA,CS17_E1S10_HESTA.h5ad,CS17,1,10,78155,0.07981575075171134,0.08355191606423133,0.0,0.16336766681594267,0.2557174185463659,0.30438127336988097,0.30438127336988097,640.5706345359785,194.97770542341377,0.4756680725882425,0.02923531092276926,10501
HESTA:CS17_E1S1_HESTA,HESTA,CS17_E1S1_HESTA.h5ad,CS17,1,1,44531,0.0,0.0,0.08573802519593092,0.08573802519593092,1.0,0.0,0.0,418.4457428549499,0.0,1.0,0.025606469002695417,1484
HESTA:CS17_E1S2_HESTA,HESTA,CS17_E1S2_HESTA.h5ad,CS17,1,2,47670,0.0,0.02806796727501573,0.09807006503041746,0.1261380323054332,0.8887410610344254,0.0,0.0,298.16652224137107,0.0,0.9443705305172128,0.03632734530938124,2505
HESTA:CS17_E1S3_HESTA,HESTA,CS17_E1S3_HESTA.h5ad,CS17,1,3,52366,0.001699576060802811,0.013462933964786311,0.05509299927433831,0.07025550929992744,0.8799945637401467,0.0720936606920909,0.0720936606920909,303.7645019878172,21.899494936611667,0.903950451524028,0.035637612709317305,2329
HESTA:CS17_E1S4_HESTA,HESTA,CS17_E1S4_HESTA.h5ad,CS17,1,4,59423,0.003567642158760076,0.07978392205038454,0.06652306346027632,0.14987462766942092,0.7100269481248597,0.07622116001930589,0.07622116001930589,311.30360723121856,23.72792206135786,0.8169028940527769,0.022590361445783132,1992
HESTA:CS17_E1S5_HESTA,HESTA,CS17_E1S5_HESTA.h5ad,CS17,1,5,62655,0.0,0.04457744792913575,0.0,0.04457744792913575,0.5,0.0,0.0,425.88434303496354,0.0,0.75,0.029981549815498155,2168
HESTA:CS17_E1S6_HESTA,HESTA,CS17_E1S6_HESTA.h5ad,CS17,1,6,56279,0.006805380337248352,0.09307201620497876,0.03011780593116438,0.1299952024733915,0.5896664844177146,0.07936234036733972,0.07936234036733972,375.4802307403554,29.798989873223338,0.7551520720251874,0.03451276102088167,3448
HESTA:CS17_E1S7_HESTA,HESTA,CS17_E1S7_HESTA.h5ad,CS17,1,7,65443,0.002674082789603166,0.06430023073514356,0.03189034732515319,0.09886466084989991,0.647758887171561,0.04612807639170975,0.04612807639170975,380.6000717875008,17.55634918610405,0.8008154053899257,0.03910614525139665,5012
HESTA:CS17_E1S8_HESTA,HESTA,CS17_E1S8_HESTA.h5ad,CS17,1,8,66586,0.0034992340732286067,0.11585017871624666,0.024915147328267204,0.14426456011774247,0.5742244430564231,0.03890357061020428,0.03890357061020428,547.8599564173229,21.313708498984763,0.7676604362231094,0.045937334041423264,3766
HESTA:CS17_E1S9_HESTA,HESTA,CS17_E1S9_HESTA.h5ad,CS17,1,9,65607,0.026963586202691785,0.1899340009450211,0.0,0.2168975871477129,0.43784258608573434,0.10055187154752288,0.10055187154752288,599.5340546095186,60.28427124746189,0.6686453572691058,0.06746252082176568,3602
HESTA:CS18_E1S1_HESTA,HESTA,CS18_E1S1_HESTA.h5ad,CS18,1,1,77312,0.08851148592715231,0.030383381622516557,0.0,0.11889486754966887,0.12777415143603132,0.49651657068179117,0.49651657068179117,428.85995641732273,212.9360748630715,0.3156287903771201,0.03371278458844133,2284
HESTA:CS18_E1S2_HESTA,HESTA,CS18_E1S2_HESTA.h5ad,CS18,1,2,112705,0.03281132159176611,0.02399183709684575,0.009325229581651214,0.06612838827026307,0.3224205018113511,0.2070711419958388,0.2070711419958388,584.055915910217,120.94112549695421,0.5576746799077562,0.036360280546327055,5418
HESTA:CS18_E1S3_HESTA,HESTA,CS18_E1S3_HESTA.h5ad,CS18,1,3,132277,0.02193125033074533,0.05976095617529881,0.024562093183244253,0.10625429968928839,0.5123799359658484,0.16485110013020854,0.16485110013020854,735.9726547895312,121.32590180780441,0.6737644179178199,0.038641321283889064,3209
HESTA:CS18_E1S4_HESTA,HESTA,CS18_E1S4_HESTA.h5ad,CS18,1,4,152371,0.023810305110552533,0.0572353006805757,0.0,0.08104560579112824,0.35310551461656814,0.211877451109056,0.211877451109056,621.8326112068555,131.75230867899717,0.570614031753756,0.03160229162816485,5411
HESTA:CS18_E1S5_HESTA,HESTA,CS18_E1S5_HESTA.h5ad,CS18,1,5,161900,0.023292155651636812,0.005274861025324274,0.006040765904879555,0.03460778258184064,0.25075852222023914,0.17463984964420823,0.17463984964420823,706.0041840821096,123.29646455628153,0.5380593362880155,0.015722049689440992,5152
HESTA:CS18_E1S6_HESTA,HESTA,CS18_E1S6_HESTA.h5ad,CS18,1,6,108726,0.0,0.008617993856115372,0.0,0.008617993856115372,0.5,0.0,0.0,605.3868683519041,0.0,0.75,,0
HESTA:CS19_E1S1_HESTA,HESTA,CS19_E1S1_HESTA.h5ad,CS19,1,1,147865,0.03150847056436615,0.029269942176985763,0.003827815913164035,0.06460622865451594,0.2857741023762169,0.2148179641720559,0.2148179641720559,750.5777772109162,161.23759005323595,0.5354780691020805,0.0220162224797219,6904
HESTA:CS19_E1S2_HESTA,HESTA,CS19_E1S2_HESTA.h5ad,CS19,1,2,155811,0.02343223520804051,0.08024465538376623,0.0,0.10367689059180674,0.38699393339111055,0.13973719657232891,0.13973719657232891,766.4062043356618,107.09545442950485,0.6236283684093908,0.059909326424870464,6176
HESTA:CS19_E1S3_HESTA,HESTA,CS19_E1S3_HESTA.h5ad,CS19,1,3,160662,0.029384670924051736,0.11781255057200832,0.0,0.14719722149606004,0.40018605437862065,0.1876840162718517,0.1876840162718517,770.2762620207508,144.5685424949237,0.6062510190533845,0.05657568238213399,4030
HESTA:CS19_E2S1_HESTA,HESTA,CS19_E2S1_HESTA.h5ad,CS19,2,1,247960,0.041192127762542344,0.0546459106307469,0.0,0.09583803839328923,0.285095101834708,0.36367608865243856,0.36367608865243856,901.6782822743045,327.91883092036846,0.4607095065911347,0.014176095721160098,7689
HESTA:CS19_E2S2_HESTA,HESTA,CS19_E2S2_HESTA.h5ad,CS19,2,2,247783,0.07890775396213623,0.05940278388751448,0.0,0.1383105378496507,0.21474424440489043,0.32869652281932843,0.32869652281932843,879.3788591251941,289.0487732352794,0.443023860792781,0.05150531286894923,6776
HESTA:CS19_E2S3_HESTA,HESTA,CS19_E2S3_HESTA.h5ad,CS19,2,3,263202,0.14580436318872958,0.012138965509380628,0.0,0.1579433286981102,0.03842823121887855,0.609176017835305,0.609176017835305,1186.6509370638366,722.8792924010811,0.2146261066917868,0.017445562205526552,7853
HESTA:CS19_E2S4_HESTA,HESTA,CS19_E2S4_HESTA.h5ad,CS19,2,4,263815,0.1504387544301878,0.008119326042870951,0.0,0.15855808047305878,0.025603633755677743,0.9083424582909111,0.9083424582909111,845.7544007200526,768.2346314604089,0.058630587732383325,0.02151472345974139,9203
HESTA:CS20_E1S1_HESTA,HESTA,CS20_E1S1_HESTA.h5ad,CS20,1,1,175487,0.0,0.010319852752625551,0.011282887051462501,0.021602739804088052,0.761144816671063,0.0,0.0,995.666088965484,0.0,0.8805724083355315,,0
HESTA:CS20_E1S2_HESTA,HESTA,CS20_E1S2_HESTA.h5ad,CS20,1,2,197466,0.0,0.0,0.007986184963487386,0.007986184963487386,1.0,0.0,0.0,940.1635636485429,0.0,1.0,,0
HESTA:CS20_E1S3_HESTA,HESTA,CS20_E1S3_HESTA.h5ad,CS20,1,3,208433,0.0,0.006313779487892992,0.004221980204670086,0.010535759692563079,0.7003642987249544,0.0,0.0,1022.6265504461959,0.0,0.8501821493624773,,0
HESTA:CS20_E1S4_HESTA,HESTA,CS20_E1S4_HESTA.h5ad,CS20,1,4,253104,0.0,0.05255942221379354,0.023595043934509136,0.07615446614830268,0.6549156939040207,0.0,0.0,879.7665940288722,0.0,0.8274578469520104,0.014511155450752766,5513
HESTA:CS20_E1S5_HESTA,HESTA,CS20_E1S5_HESTA.h5ad,CS20,1,5,263538,0.0006260956674179815,0.03955027358483407,0.000925862683939318,0.041102231936191364,0.5036466026587888,0.020774717335934573,0.020774717335934573,933.0945878777319,19.384776310850242,0.7414359426614271,0.013736676174748537,13322
HESTA:CS20_E1S6_HESTA,HESTA,CS20_E1S6_HESTA.h5ad,CS20,1,6,248690,0.016438135831758415,0.10320077204551852,0.011628935622662753,0.1312678434999397,0.4816817276765201,0.18403099285016605,0.18403099285016605,939.1930009000655,172.84062043356596,0.6488253674131771,0.012101910828025478,1570
HESTA:CS20_E1S7_HESTA,HESTA,CS20_E1S7_HESTA.h5ad,CS20,1,7,265988,0.011805043836564055,0.10670030226927531,0.011477961411793013,0.12998330751763237,0.4987418291201481,0.1149966330367094,0.1149966330367094,921.8721497261429,106.01219330881968,0.6918725980417193,0.012658227848101266,1185
HESTA:CS20_E2S1_HESTA,HESTA,CS20_E2S1_HESTA.h5ad,CS20,2,1,265120,0.0,0.06516671695835848,0.0021612854556427277,0.0673280024140012,0.5160504201680672,0.0,0.0,1013.4478348960048,0.0,0.7580252100840337,0.041939923892802204,12351
HESTA:CS20_E2S2_HESTA,HESTA,CS20_E2S2_HESTA.h5ad,CS20,2,2,289486,0.020453493433188478,0.068953248170896,0.0,0.08940674160408447,0.38561548566571363,0.14074878068319557,0.14074878068319557,1186.8935777509555,167.05382386916256,0.6224333524912591,0.04184679958027282,23825
HESTA:CS20_E2S3_HESTA,HESTA,CS20_E2S3_HESTA.h5ad,CS20,2,3,286933,0.05336088912742696,0.06893246855537703,0.0,0.122293357682804,0.281832430891992,0.25261591076691475,0.25261591076691475,1003.9158723275407,253.60512242138338,0.5146082600625386,0.04131595154998974,19484
HESTA:CS20_E2S4_HESTA,HESTA,CS20_E2S4_HESTA.h5ad,CS20,2,4,269429,0.13291071117066092,0.01431917128445713,0.0,0.14722988245511803,0.048628617525461326,0.4986906710229562,0.4986906710229562,1025.8275605729727,511.57063453597806,0.2749689732512526,0.06180550512019754,13769
HESTA:CS23_E1S1_HESTA,HESTA,CS23_E1S1_HESTA.h5ad,CS23,1,1,554306,0.0625340515888336,0.008215678704542257,0.0,0.07074973029337586,0.05806155493790958,0.4699822497564428,0.4699822497564428,1620.8519471906125,761.7716446627551,0.2940396525907334,0.014602729243718913,15682
HESTA:CS23_E1S2_HESTA,HESTA,CS23_E1S2_HESTA.h5ad,CS23,1,2,539831,0.03587789511902799,0.04588473059161108,0.0,0.08176262571063907,0.28059721781684716,0.21866092478715884,0.21866092478715884,1591.403245742834,347.9777054234143,0.5309681465148441,0.005807763043267834,10331
HESTA:CS23_E1S3_HESTA,HESTA,CS23_E1S3_HESTA.h5ad,CS23,1,3,531126,0.007086830620229475,0.059501888440784294,0.00408001114613105,0.07066873020714481,0.47872595513401184,0.07435259128241213,0.07435259128241213,1658.6631303726567,123.32590180780441,0.7021866819257998,0.0003045994517209869,3283
HESTA:CS23_E2S10_HESTA,HESTA,CS23_E2S10_HESTA.h5ad,CS23,2,10,733507,0.0,0.07729305923460854,0.0014001229708782601,0.0786931822054868,0.5088960881466339,0.0,0.0,1819.4814562296372,0.0,0.754448044073317,0.041418318939301785,16442
HESTA:CS23_E2S1_HESTA,HESTA,CS23_E2S1_HESTA.h5ad,CS23,2,1,662769,0.0026283667461815506,0.07115903127635723,0.005412142088721711,0.07919954011126049,0.5175744413328,0.04426616007438684,0.04426616007438684,1831.7211383239292,81.08326112068514,0.7366541406292065,,0
HESTA:CS23_E2S2_HESTA,HESTA,CS23_E2S2_HESTA.h5ad,CS23,2,2,655242,0.0013445414060759232,0.06508435051477164,0.006435790135552971,0.07286468205640054,0.534936327077748,0.02698394062964069,0.02698394062964069,1826.4297244015297,49.28427124746189,0.7539761932240536,,0
HESTA:CS23_E2S3_HESTA,HESTA,CS23_E2S3_HESTA.h5ad,CS23,2,3,637053,0.0,0.05389504483928339,0.006085835872368547,0.05998088071165193,0.5507314647614562,0.0,0.0,1964.5911960090182,0.0,0.7753657323807281,,0
HESTA:CS23_E2S4_HESTA,HESTA,CS23_E2S4_HESTA.h5ad,CS23,2,4,633615,0.0008980216693102278,0.03201628749319382,0.00591368575554556,0.038827994918049606,0.5645882448581416,0.022309144642277682,0.022309144642277682,1885.8216433873172,42.07106781186546,0.7711395501079319,,0
HESTA:CS23_E2S5_HESTA,HESTA,CS23_E2S5_HESTA.h5ad,CS23,2,5,671089,0.011348718277307481,0.07125582448825715,0.006395574953545655,0.08900011771911029,0.4721733889195841,0.22331125796654266,0.22331125796654266,1684.3077913133284,376.1248916810284,0.6244310654765207,0.01415992384578772,8404
HESTA:CS23_E2S6_HESTA,HESTA,CS23_E2S6_HESTA.h5ad,CS23,2,6,727736,0.06807825914892214,0.07895995251025097,0.0060750052216737935,0.1531132168808469,0.29752481467521047,0.548666884677664,0.548666884677664,1745.9322497184705,957.9352083112985,0.3744289649987732,0.012193478846672056,14844
HESTA:CS23_E2S7_HESTA,HESTA,CS23_E2S7_HESTA.h5ad,CS23,2,7,712097,0.05217407179078131,0.06104786286137984,0.006118548456179425,0.11934048310834058,0.30704149113930007,0.2230687834018488,0.2230687834018488,1892.2531008923934,422.10259710444205,0.5419863538687256,0.012417151359394021,36965
HESTA:CS23_E2S8_HESTA,HESTA,CS23_E2S8_HESTA.h5ad,CS23,2,8,825115,0.016569811480823884,0.04351393442126249,0.0012798216006253674,0.06136356750271174,0.3754147574656344,0.1512554501796182,0.1512554501796182,2280.0642840744044,344.8721497261429,0.6120796536430081,0.02590983642891972,45118
HESTA:CS23_E2S9_HESTA,HESTA,CS23_E2S9_HESTA.h5ad,CS23,2,9,747172,0.0037675394688237783,0.023295840850567205,0.0,0.027063380319390984,0.43039414470105336,0.082284120658523,0.082284120658523,1920.6206332605414,158.03657992645924,0.6740550120212652,0.03176381081195317,47318
MOSTA:E10.5_E1S1.MOSTA,MOSTA,E10.5_E1S1.MOSTA.h5ad,E10.5,1,1,18408,0.24940243372446763,0.0710560625814863,0.0,0.3204584963059539,0.11086624851669774,1.0,1.053255244434507,237.6639969244292,250.32085117392157,0.05543312425834887,0.12225274725274725,728
MOSTA:E10.5_E1S2.MOSTA,MOSTA,E10.5_E1S2.MOSTA.h5ad,E10.5,1,2,18647,0.2545717809835362,0.05786453585027082,0.0,0.31243631683380707,0.09260212838997597,0.9231384574823814,0.9231384574823814,244.96551211459393,226.13708498984786,0.08473183545379727,0.042134831460674156,712
MOSTA:E10.5_E1S3.MOSTA,MOSTA,E10.5_E1S3.MOSTA.h5ad,E10.5,1,3,18670,0.15731119442956615,0.07862881628280664,0.0,0.23594001071237278,0.16662883087400682,0.4488516578289256,0.4488516578289256,227.20815280171314,101.9827560572968,0.3588885865225406,0.1332312404287902,653
MOSTA:E10.5_E2S1.MOSTA,MOSTA,E10.5_E2S1.MOSTA.h5ad,E10.5,2,1,8494,0.06804803390628679,0.17176830704026372,0.0,0.2398163409465505,0.3581246931762396,0.3554086746551536,0.3554086746551536,127.49747468305827,45.31370849898474,0.501358009260543,0.15844155844155844,385
MOSTA:E11.5_E1S1.MOSTA,MOSTA,E11.5_E1S1.MOSTA.h5ad,E11.5,1,1,30124,0.002888062674279644,0.19296906121365023,0.013444429690612136,0.20930155357854202,0.525218080888184,0.04679480261419422,0.04679480261419422,330.91883092036886,15.485281374238571,0.739211639136995,0.19682341949548426,3211
MOSTA:E11.5_E1S2.MOSTA,MOSTA,E11.5_E1S2.MOSTA.h5ad,E11.5,1,2,30756,0.0,0.14699570815450644,0.0,0.14699570815450644,0.5,0.0,0.0,281.93607486307155,0.0,0.75,0.13857677902621723,2403
MOSTA:E11.5_E1S3.MOSTA,MOSTA,E11.5_E1S3.MOSTA.h5ad,E11.5,1,3,27455,0.00218539428155163,0.1402294663995629,0.01588053177927518,0.15829539246038973,0.5432581684307409,0.04014943961597792,0.04014943961597792,335.87720036002577,13.485281374238571,0.7515543644073814,0.11462047885888946,1963
MOSTA:E11.5_E1S4.MOSTA,MOSTA,E11.5_E1S4.MOSTA.h5ad,E11.5,1,4,30775,0.0,0.14735987002437043,0.01809910641754671,0.16545897644191715,0.5546936370777691,0.0,0.0,313.43354954613045,0.0,0.7773468185388845,0.13659147869674185,2394
MOSTA:E12.5_E1S1.MOSTA,MOSTA,E12.5_E1S1.MOSTA.h5ad,E12.5,1,1,51365,0.0,0.07250073006911321,0.0,0.07250073006911321,0.5,0.0,0.0,342.06096654409924,0.0,0.75,0.10107948969578018,3057
MOSTA:E12.5_E1S2.MOSTA,MOSTA,E12.5_E1S2.MOSTA.h5ad,E12.5,1,2,47436,0.0,0.036322624167299096,0.0025718863310565817,0.038894510498355676,0.5330623306233062,0.0,0.0,342.2081528017129,0.0,0.7665311653116531,0.10021865889212828,2744
MOSTA:E12.5_E1S3.MOSTA,MOSTA,E12.5_E1S3.MOSTA.h5ad,E12.5,1,3,49908,0.16590526568886751,0.02562715396329246,0.0,0.19153241965215997,0.06690030337901454,0.8832126528390895,0.8832126528390895,361.7056274847718,319.4629867976528,0.09184382526996254,0.04112388250319285,3915
MOSTA:E12.5_E1S4.MOSTA,MOSTA,E12.5_E1S4.MOSTA.h5ad,E12.5,1,4,55295,0.0,0.08485396509630165,0.0,0.08485396509630165,0.5,0.0,0.0,379.77669529663757,0.0,0.75,0.103584229390681,2790
MOSTA:E12.5_E1S5.MOSTA,MOSTA,E12.5_E1S5.MOSTA.h5ad,E12.5,1,5,45669,0.0,0.010707482099454772,0.0,0.010707482099454772,0.5,0.0,0.0,329.99494936611705,0.0,0.75,0.09223300970873786,2060
MOSTA:E12.5_E2S1.MOSTA,MOSTA,E12.5_E2S1.MOSTA.h5ad,E12.5,2,1,23640,0.17411167512690356,0.10630287648054146,0.0,0.280414551607445,0.18954593453009505,1.0,1.0228132197375053,223.35533905932732,228.45079348883274,0.09477296726504753,0.07280832095096583,673
MOSTA:E13.5_E1S1.MOSTA,MOSTA,E13.5_E1S1.MOSTA.h5ad,E13.5,1,1,77369,0.141671728987062,0.018314828936654214,0.0,0.15998655792371622,0.05723864921635159,1.0,1.1120197166759735,403.9898987322337,449.24473272817374,0.028619324608175796,0.0959119496855346,3816
MOSTA:E13.5_E1S2.MOSTA,MOSTA,E13.5_E1S2.MOSTA.h5ad,E13.5,1,2,64584,0.1265793385358603,0.03152483587266196,0.0,0.15810417440852223,0.09969640583684262,0.8207556639110726,0.8207556639110726,396.8721497261428,325.73506473629493,0.13947037096288503,0.13271920846127602,2931
MOSTA:E13.5_E1S3.MOSTA,MOSTA,E13.5_E1S3.MOSTA.h5ad,E13.5,1,3,84811,0.15589958849677518,0.025833913053731238,0.0,0.1817335015505064,0.07107636410822034,1.0,1.2412122480227685,385.3380951166241,478.2863632885164,0.03553818205411017,0.1473242392444911,4765
MOSTA:E13.5_E1S4.MOSTA,MOSTA,E13.5_E1S4.MOSTA.h5ad,E13.5,1,4,73168,0.11457194401924338,0.04418598294336322,0.0,0.1587579269626066,0.13916150137741046,0.7550834565326089,0.7550834565326089,439.0142853498739,331.49242404917584,0.19203902242240078,0.07232704402515723,4134
MOSTA:E14.5_E1S1.MOSTA,MOSTA,E14.5_E1S1.MOSTA.h5ad,E14.5,1,1,102519,0.02344931183487939,0.04807889269306177,0.0,0.07152820452794116,0.33608345833901543,0.21687526583863123,0.21687526583863123,486.3868683519042,105.48528137423855,0.559604096250192,0.14221272554605888,4212
MOSTA:E14.5_E1S2.MOSTA,MOSTA,E14.5_E1S2.MOSTA.h5ad,E14.5,1,2,102977,0.0,0.03799877642580382,0.0,0.03799877642580382,0.5,0.0,0.0,468.9066376115481,0.0,0.75,0.08054711246200608,3948
MOSTA:E14.5_E1S3.MOSTA,MOSTA,E14.5_E1S3.MOSTA.h5ad,E14.5,1,3,92928,0.0,0.01660425275482094,0.0,0.01660425275482094,0.5,0.0,0.0,460.17871555019053,0.0,0.75,0.04126547455295736,2181
MOSTA:E14.5_E1S4.MOSTA,MOSTA,E14.5_E1S4.MOSTA.h5ad,E14.5,1,4,105857,0.015294217671009002,0.045854312893809576,0.001908234693973946,0.06305676525879252,0.3938576779026217,0.31314978294989376,0.31314978294989376,498.2031021678303,156.0121933088198,0.540353947476364,0.13344500279173646,3582
MOSTA:E14.5_E1S5.MOSTA,MOSTA,E14.5_E1S5.MOSTA.h5ad,E14.5,1,5,101353,0.009797440628299113,0.04141959290795536,0.0,0.05121703353625447,0.4043536890772491,0.16739254556073593,0.16739254556073593,487.88939366884546,81.66904755831204,0.6184805717582567,0.10832811521603006,3194
MOSTA:E14.5_E2S1.MOSTA,MOSTA,E14.5_E2S1.MOSTA.h5ad,E14.5,2,1,92764,0.0,0.02873959725755681,0.0,0.02873959725755681,0.5,0.0,0.0,455.0487732352796,0.0,0.75,0.026914450496635694,3121
MOSTA:E14.5_E2S2.MOSTA,MOSTA,E14.5_E2S2.MOSTA.h5ad,E14.5,2,2,112086,0.0,0.04087040308334672,0.0,0.04087040308334672,0.5,0.0,0.0,552.1025971044425,0.0,0.75,0.05087719298245614,5700
MOSTA:E15.5_E1S1.MOSTA,MOSTA,E15.5_E1S1.MOSTA.h5ad,E15.5,1,1,113350,0.05655932951036612,0.06203793559770622,0.0006793118659020732,0.11927657697397441,0.2657544378698225,0.6430238803409645,0.6430238803409645,497.1909088590108,319.7056274847719,0.311365278764429,0.04425378189207496,4429
MOSTA:E15.5_E1S2.MOSTA,MOSTA,E15.5_E1S2.MOSTA.h5ad,E15.5,1,2,109811,0.053555654715829924,0.06592235750516796,0.0,0.1194780122209979,0.2758765243902439,0.5229044832273462,0.5229044832273462,514.1198410471451,268.83556979968273,0.37648602058144887,0.034111638088288945,5482
MOSTA:E15.5_E1S3.MOSTA,MOSTA,E15.5_E1S3.MOSTA.h5ad,E15.5,1,3,104042,0.0,0.059408700332558004,0.0,0.059408700332558004,0.5,0.0,0.0,532.3574311003817,0.0,0.75,0.03362332471196802,4253
MOSTA:E15.5_E1S4.MOSTA,MOSTA,E15.5_E1S4.MOSTA.h5ad,E15.5,1,4,104845,0.0,0.04969240307120034,0.0013829939434403167,0.05107539701464066,0.5135387488328664,0.0,0.0,511.48737341529244,0.0,0.7567693744164332,0.029966329966329967,2970
MOSTA:E15.5_E2S1.MOSTA,MOSTA,E15.5_E2S1.MOSTA.h5ad,E15.5,2,1,72944,0.0,0.0466248080719456,0.012242268041237113,0.05886707611318272,0.6039823008849557,0.0,0.0,464.77669529663746,0.0,0.8019911504424779,0.0407725321888412,2330
MOSTA:E16.5_E1S1.MOSTA,MOSTA,E16.5_E1S1.MOSTA.h5ad,E16.5,1,1,121767,0.0367176657058152,0.0722116829682919,0.020235367546215313,0.1291647162203224,0.4361965920651068,0.3238554537504154,0.3238554537504154,534.0071426749365,172.94112549695438,0.5561705691573456,0.02404040404040404,4950
MOSTA:E16.5_E1S2.MOSTA,MOSTA,E16.5_E1S2.MOSTA.h5ad,E16.5,1,2,120842,0.0,0.08131278859999007,0.0,0.08131278859999007,0.5,0.0,0.0,512.1665222413703,0.0,0.75,0.012322274881516588,4220
MOSTA:E16.5_E1S3.MOSTA,MOSTA,E16.5_E1S3.MOSTA.h5ad,E16.5,1,3,155741,0.06897990895140008,0.03342087183208019,0.0,0.10240078078348026,0.16318660647103084,0.8652889648283285,0.8652889648283285,550.9066376115485,476.6934341759519,0.14894882082135116,0.03374103753690426,4742
MOSTA:E16.5_E1S4.MOSTA,MOSTA,E16.5_E1S4.MOSTA.h5ad,E16.5,1,4,135973,0.0,0.06890338523089143,0.0076706404948041155,0.07657402572569555,0.5500864387245485,0.0,0.0,553.7228714274746,0.0,0.7750432193622743,0.022288029925187032,6416
MOSTA:E16.5_E1S5.MOSTA,MOSTA,E16.5_E1S5.MOSTA.h5ad,E16.5,1,5,152559,0.0882216060671609,0.03575010323874698,0.0009504519562923197,0.1249221612622002,0.15069786966103474,0.8885591603892781,0.8885591603892781,554.9188309203682,493.07821048680216,0.13106935463587832,0.019425920556683098,3449
MOSTA:E16.5_E2S1.MOSTA,MOSTA,E16.5_E2S1.MOSTA.h5ad,E16.5,2,1,59125,0.0,0.0,0.0,0.0,,0.0,0.0,429.80613254815984,0.0,,,0
MOSTA:E16.5_E2S10.MOSTA,MOSTA,E16.5_E2S10.MOSTA.h5ad,E16.5,2,10,114026,0.0,0.04502481890095241,0.0028151474225176715,0.04783996632347009,0.5294225481209899,0.0,0.0,542.8477631085028,0.0,0.7647112740604949,0.032214765100671144,1490
MOSTA:E16.5_E2S11.MOSTA,MOSTA,E16.5_E2S11.MOSTA.h5ad,E16.5,2,11,109399,0.0,0.0305944295651697,0.005210285285971536,0.035804714851141235,0.5727597651263723,0.0,0.0,542.7300141024118,0.0,0.7863798825631861,0.03139717425431711,1274
MOSTA:E16.5_E2S12.MOSTA,MOSTA,E16.5_E2S12.MOSTA.h5ad,E16.5,2,12,94733,0.0,0.02014081682201556,0.003905713953954799,0.024046530775970357,0.5812115891132572,0.0,0.0,497.8650070512057,0.0,0.7906057945566286,,0
MOSTA:E16.5_E2S13.MOSTA,MOSTA,E16.5_E2S13.MOSTA.h5ad,E16.5,2,13,77748,0.0,0.0,0.009016309101198744,0.009016309101198744,1.0,0.0,0.0,473.68124086713215,0.0,1.0,,0
MOSTA:E16.5_E2S2.MOSTA,MOSTA,E16.5_E2S2.MOSTA.h5ad,E16.5,2,2,73922,0.0,0.014380022185546928,0.019047103703904115,0.03342712588945104,0.7849048968029138,0.0,0.0,445.1076477383246,0.0,0.8924524484014569,,0
MOSTA:E16.5_E2S3.MOSTA,MOSTA,E16.5_E2S3.MOSTA.h5ad,E16.5,2,3,110755,0.0,0.02343912238725114,0.0,0.02343912238725114,0.5,0.0,0.0,481.45793616376983,0.0,0.75,0.022748815165876776,1055
MOSTA:E16.5_E2S4.MOSTA,MOSTA,E16.5_E2S4.MOSTA.h5ad,E16.5,2,4,99212,0.0,0.04341208724751038,0.0,0.04341208724751038,0.5,0.0,0.0,510.8721497261429,0.0,0.75,0.017921146953405017,2232
MOSTA:E16.5_E2S5.MOSTA,MOSTA,E16.5_E2S5.MOSTA.h5ad,E16.5,2,5,132481,0.06010673228613914,0.03154414595300458,0.0005132811497497754,0.0921641593888935,0.1766994266994267,0.7146774828565869,0.7146774828565869,654.4701294725897,467.735064736295,0.2310109719214199,0.03544668587896253,3470
MOSTA:E16.5_E2S6.MOSTA,MOSTA,E16.5_E2S6.MOSTA.h5ad,E16.5,2,6,137209,0.08989935062568782,0.02500564831753019,0.0028423791442252332,0.11774737808744325,0.13032309977717257,0.9257052892350117,0.9257052892350117,638.6833329081863,591.2325394193539,0.10230890527108043,0.05483778351995406,3483
MOSTA:E16.5_E2S7.MOSTA,MOSTA,E16.5_E2S7.MOSTA.h5ad,E16.5,2,7,155159,0.08516425086524146,0.01314780322121179,0.0,0.09831205408645326,0.06686770683099515,0.9980649395832126,0.9980649395832126,590.232539419353,589.0904037956227,0.03440138362389126,0.04926108374384237,4060
MOSTA:E16.5_E2S8.MOSTA,MOSTA,E16.5_E2S8.MOSTA.h5ad,E16.5,2,8,120854,0.048719943071805646,0.0673870951726877,0.0012080692405712678,0.11731510748506463,0.2975031739314431,0.30265293673724963,0.30265293673724963,558.8650070512053,169.142135623731,0.4974251185970967,0.05812451562903642,3871
MOSTA:E16.5_E2S9.MOSTA,MOSTA,E16.5_E2S9.MOSTA.h5ad,E16.5,2,9,129425,0.0,0.04441182151825381,0.0007726482518833301,0.045184469770137146,0.5085499316005472,0.0,0.0,558.7645019878173,0.0,0.7542749658002736,0.05861244019138756,2508
MOSTA:E9.5_E1S1.MOSTA,MOSTA,E9.5_E1S1.MOSTA.h5ad,E9.5,1,1,5913,0.03991205817689836,0.046169457128361235,0.0,0.08608151530525959,0.2681728880157171,0.43810413916581464,0.43810413916581464,119.11269837220806,52.18376618407354,0.41503437442495117,0.2198952879581152,382
MOSTA:E9.5_E2S1.MOSTA,MOSTA,E9.5_E2S1.MOSTA.h5ad,E9.5,2,1,5292,0.10676492819349963,0.04799697656840514,0.0,0.15476190476190477,0.15506715506715507,0.2557108482599148,0.2557108482599148,108.04163056034257,27.62741699796953,0.4496781534036201,0.22365591397849463,465
MOSTA:E9.5_E2S2.MOSTA,MOSTA,E9.5_E2S2.MOSTA.h5ad,E9.5,2,2,4356,0.09274563820018365,0.06565656565656566,0.0,0.1584022038567493,0.2072463768115942,0.25461053764292974,0.25461053764292974,105.25483399593895,26.798989873223338,0.47631791958433223,0.14629948364888123,581
MOSTA:E9.5_E2S3.MOSTA,MOSTA,E9.5_E2S3.MOSTA.h5ad,E9.5,2,3,5059,0.07827633919746986,0.05732358173552085,0.0,0.1355999209329907,0.21137026239067055,0.23782451531844065,0.23782451531844065,106.4386001800125,25.313708498984763,0.486772873536115,0.2696078431372549,408
MOSTA:E9.5_E2S4.MOSTA,MOSTA,E9.5_E2S4.MOSTA.h5ad,E9.5,2,4,5797,0.07417629808521649,0.11316198033465585,0.0,0.18733827841987236,0.3020257826887661,0.2212837597643737,0.2212837597643737,111.42640687119277,24.65685424949238,0.5403710114621962,0.12679425837320574,836
