HESTA,matched_stages,HESTA_embryo,HESTA_side,L_HESTA,MOSTA,L_MOSTA,abs_dL,orientation,note,best
HESTA:CS12-13_E1S1_HESTA,E9.5,CS12-13_E1,A,0.8333333333333333,MOSTA:E9.5_E2S4.MOSTA,0.5907086419103238,0.24262469142300946,test both,,True
HESTA:CS12-13_E1S1_HESTA,E9.5,CS12-13_E1,A,0.8333333333333333,MOSTA:E9.5_E2S3.MOSTA,0.5220012506012267,0.31133208273210655,test both,,False
HESTA:CS12-13_E1S1_HESTA,E9.5,CS12-13_E1,A,0.8333333333333333,MOSTA:E9.5_E2S2.MOSTA,0.5108589823862646,0.32247435094706867,test both,,False
HESTA:CS12-13_E1S1_HESTA,E9.5,CS12-13_E1,A,0.8333333333333333,MOSTA:E9.5_E2S1.MOSTA,0.47552267924814595,0.3578106540851873,test both,,False
HESTA:CS12-13_E1S1_HESTA,E9.5,CS12-13_E1,A,0.8333333333333333,MOSTA:E9.5_E1S1.MOSTA,0.37033889308899837,0.4629944402443349,test both,,False
HESTA:CS12-13_E1S2_HESTA,E9.5,CS12-13_E1,A,0.6960935492161398,MOSTA:E9.5_E2S4.MOSTA,0.5907086419103238,0.10538490730581596,test both,,True
HESTA:CS12-13_E1S2_HESTA,E9.5,CS12-13_E1,A,0.6960935492161398,MOSTA:E9.5_E2S3.MOSTA,0.5220012506012267,0.17409229861491304,test both,,False
HESTA:CS12-13_E1S2_HESTA,E9.5,CS12-13_E1,A,0.6960935492161398,MOSTA:E9.5_E2S2.MOSTA,0.5108589823862646,0.18523456682987516,test both,,False
HESTA:CS12-13_E1S2_HESTA,E9.5,CS12-13_E1,A,0.6960935492161398,MOSTA:E9.5_E2S1.MOSTA,0.47552267924814595,0.2205708699679938,test both,,False
HESTA:CS12-13_E1S2_HESTA,E9.5,CS12-13_E1,A,0.6960935492161398,MOSTA:E9.5_E1S1.MOSTA,0.37033889308899837,0.3257546561271414,test both,,False
HESTA:CS12-13_E1S3_HESTA,E9.5,CS12-13_E1,0,0.4510268071511749,MOSTA:E9.5_E2S1.MOSTA,0.47552267924814595,0.024495872096971072,test both,,True
HESTA:CS12-13_E1S3_HESTA,E9.5,CS12-13_E1,0,0.4510268071511749,MOSTA:E9.5_E2S2.MOSTA,0.5108589823862646,0.05983217523508971,test both,,False
HESTA:CS12-13_E1S3_HESTA,E9.5,CS12-13_E1,0,0.4510268071511749,MOSTA:E9.5_E2S3.MOSTA,0.5220012506012267,0.07097444345005183,test both,,False
HESTA:CS12-13_E1S3_HESTA,E9.5,CS12-13_E1,0,0.4510268071511749,MOSTA:E9.5_E1S1.MOSTA,0.37033889308899837,0.08068791406217651,test both,,False
HESTA:CS12-13_E1S3_HESTA,E9.5,CS12-13_E1,0,0.4510268071511749,MOSTA:E9.5_E2S4.MOSTA,0.5907086419103238,0.13968183475914892,test both,,False
HESTA:CS12-13_E1S4_HESTA,E9.5,CS12-13_E1,B,0.723916532905297,MOSTA:E9.5_E2S4.MOSTA,0.5907086419103238,0.1332078909949732,test both,,True
HESTA:CS12-13_E1S4_HESTA,E9.5,CS12-13_E1,B,0.723916532905297,MOSTA:E9.5_E2S3.MOSTA,0.5220012506012267,0.2019152823040703,test both,,False
HESTA:CS12-13_E1S4_HESTA,E9.5,CS12-13_E1,B,0.723916532905297,MOSTA:E9.5_E2S2.MOSTA,0.5108589823862646,0.2130575505190324,test both,,False
HESTA:CS12-13_E1S4_HESTA,E9.5,CS12-13_E1,B,0.723916532905297,MOSTA:E9.5_E2S1.MOSTA,0.47552267924814595,0.24839385365715105,test both,,False
HESTA:CS12-13_E1S4_HESTA,E9.5,CS12-13_E1,B,0.723916532905297,MOSTA:E9.5_E1S1.MOSTA,0.37033889308899837,0.35357763981629864,test both,,False
HESTA:CS12-13_E2S1_HESTA,E9.5,CS12-13_E2,A,0.3270603340776428,MOSTA:E9.5_E1S1.MOSTA,0.37033889308899837,0.04327855901135558,test both,,True
HESTA:CS12-13_E2S1_HESTA,E9.5,CS12-13_E2,A,0.3270603340776428,MOSTA:E9.5_E2S1.MOSTA,0.47552267924814595,0.14846234517050316,test both,,False
HESTA:CS12-13_E2S1_HESTA,E9.5,CS12-13_E2,A,0.3270603340776428,MOSTA:E9.5_E2S2.MOSTA,0.5108589823862646,0.1837986483086218,test both,,False
HESTA:CS12-13_E2S1_HESTA,E9.5,CS12-13_E2,A,0.3270603340776428,MOSTA:E9.5_E2S3.MOSTA,0.5220012506012267,0.19494091652358392,test both,,False
HESTA:CS12-13_E2S1_HESTA,E9.5,CS12-13_E2,A,0.3270603340776428,MOSTA:E9.5_E2S4.MOSTA,0.5907086419103238,0.263648307832681,test both,,False
HESTA:CS12-13_E2S2_HESTA,E9.5,CS12-13_E2,A,0.3270603340776428,MOSTA:E9.5_E1S1.MOSTA,0.37033889308899837,0.04327855901135558,test both,,True
HESTA:CS12-13_E2S2_HESTA,E9.5,CS12-13_E2,A,0.3270603340776428,MOSTA:E9.5_E2S1.MOSTA,0.47552267924814595,0.14846234517050316,test both,,False
HESTA:CS12-13_E2S2_HESTA,E9.5,CS12-13_E2,A,0.3270603340776428,MOSTA:E9.5_E2S2.MOSTA,0.5108589823862646,0.1837986483086218,test both,,False
HESTA:CS12-13_E2S2_HESTA,E9.5,CS12-13_E2,A,0.3270603340776428,MOSTA:E9.5_E2S3.MOSTA,0.5220012506012267,0.19494091652358392,test both,,False
HESTA:CS12-13_E2S2_HESTA,E9.5,CS12-13_E2,A,0.3270603340776428,MOSTA:E9.5_E2S4.MOSTA,0.5907086419103238,0.263648307832681,test both,,False
HESTA:CS12-13_E2S3_HESTA,E9.5,CS12-13_E2,A,0.45058272289865237,MOSTA:E9.5_E2S1.MOSTA,0.47552267924814595,0.024939956349493586,test both,,True
HESTA:CS12-13_E2S3_HESTA,E9.5,CS12-13_E2,A,0.45058272289865237,MOSTA:E9.5_E2S2.MOSTA,0.5108589823862646,0.06027625948761223,test both,,False
HESTA:CS12-13_E2S3_HESTA,E9.5,CS12-13_E2,A,0.45058272289865237,MOSTA:E9.5_E2S3.MOSTA,0.5220012506012267,0.07141852770257434,test both,,False
HESTA:CS12-13_E2S3_HESTA,E9.5,CS12-13_E2,A,0.45058272289865237,MOSTA:E9.5_E1S1.MOSTA,0.37033889308899837,0.080243829809654,test both,,False
HESTA:CS12-13_E2S3_HESTA,E9.5,CS12-13_E2,A,0.45058272289865237,MOSTA:E9.5_E2S4.MOSTA,0.5907086419103238,0.14012591901167143,test both,,False
HESTA:CS12-13_E2S4_HESTA,E9.5,CS12-13_E2,A,0.45058272289865237,MOSTA:E9.5_E2S1.MOSTA,0.47552267924814595,0.024939956349493586,test both,,True
HESTA:CS12-13_E2S4_HESTA,E9.5,CS12-13_E2,A,0.45058272289865237,MOSTA:E9.5_E2S2.MOSTA,0.5108589823862646,0.06027625948761223,test both,,False
HESTA:CS12-13_E2S4_HESTA,E9.5,CS12-13_E2,A,0.45058272289865237,MOSTA:E9.5_E2S3.MOSTA,0.5220012506012267,0.07141852770257434,test both,,False
HESTA:CS12-13_E2S4_HESTA,E9.5,CS12-13_E2,A,0.45058272289865237,MOSTA:E9.5_E1S1.MOSTA,0.37033889308899837,0.080243829809654,test both,,False
HESTA:CS12-13_E2S4_HESTA,E9.5,CS12-13_E2,A,0.45058272289865237,MOSTA:E9.5_E2S4.MOSTA,0.5907086419103238,0.14012591901167143,test both,,False
HESTA:CS12-13_E2S5_HESTA,E9.5,CS12-13_E2,A,0.4757347194351264,MOSTA:E9.5_E2S1.MOSTA,0.47552267924814595,0.00021204018698045557,test both,,True
HESTA:CS12-13_E2S5_HESTA,E9.5,CS12-13_E2,A,0.4757347194351264,MOSTA:E9.5_E2S2.MOSTA,0.5108589823862646,0.035124262951138185,test both,,False
HESTA:CS12-13_E2S5_HESTA,E9.5,CS12-13_E2,A,0.4757347194351264,MOSTA:E9.5_E2S3.MOSTA,0.5220012506012267,0.0462665311661003,test both,,False
HESTA:CS12-13_E2S5_HESTA,E9.5,CS12-13_E2,A,0.4757347194351264,MOSTA:E9.5_E1S1.MOSTA,0.37033889308899837,0.10539582634612804,test both,,False
HESTA:CS12-13_E2S5_HESTA,E9.5,CS12-13_E2,A,0.4757347194351264,MOSTA:E9.5_E2S4.MOSTA,0.5907086419103238,0.11497392247519739,test both,,False
HESTA:CS12-13_E2S6_HESTA,E9.5,CS12-13_E2,A,0.4757347194351264,MOSTA:E9.5_E2S1.MOSTA,0.47552267924814595,0.00021204018698045557,test both,,True
HESTA:CS12-13_E2S6_HESTA,E9.5,CS12-13_E2,A,0.4757347194351264,MOSTA:E9.5_E2S2.MOSTA,0.5108589823862646,0.035124262951138185,test both,,False
HESTA:CS12-13_E2S6_HESTA,E9.5,CS12-13_E2,A,0.4757347194351264,MOSTA:E9.5_E2S3.MOSTA,0.5220012506012267,0.0462665311661003,test both,,False
HESTA:CS12-13_E2S6_HESTA,E9.5,CS12-13_E2,A,0.4757347194351264,MOSTA:E9.5_E1S1.MOSTA,0.37033889308899837,0.10539582634612804,test both,,False
HESTA:CS12-13_E2S6_HESTA,E9.5,CS12-13_E2,A,0.4757347194351264,MOSTA:E9.5_E2S4.MOSTA,0.5907086419103238,0.11497392247519739,test both,,False
HESTA:CS12-13_E2S7_HESTA,E9.5,CS12-13_E2,A,0.4757347194351264,MOSTA:E9.5_E2S1.MOSTA,0.47552267924814595,0.00021204018698045557,test both,,True
HESTA:CS12-13_E2S7_HESTA,E9.5,CS12-13_E2,A,0.4757347194351264,MOSTA:E9.5_E2S2.MOSTA,0.5108589823862646,0.035124262951138185,test both,,False
HESTA:CS12-13_E2S7_HESTA,E9.5,CS12-13_E2,A,0.4757347194351264,MOSTA:E9.5_E2S3.MOSTA,0.5220012506012267,0.0462665311661003,test both,,False
HESTA:CS12-13_E2S7_HESTA,E9.5,CS12-13_E2,A,0.4757347194351264,MOSTA:E9.5_E1S1.MOSTA,0.37033889308899837,0.10539582634612804,test both,,False
HESTA:CS12-13_E2S7_HESTA,E9.5,CS12-13_E2,A,0.4757347194351264,MOSTA:E9.5_E2S4.MOSTA,0.5907086419103238,0.11497392247519739,test both,,False
HESTA:CS12-13_E2S8_HESTA,E9.5,CS12-13_E2,A,0.5258654774938261,MOSTA:E9.5_E2S3.MOSTA,0.5220012506012267,0.003864226892599354,test both,,True
HESTA:CS12-13_E2S8_HESTA,E9.5,CS12-13_E2,A,0.5258654774938261,MOSTA:E9.5_E2S2.MOSTA,0.5108589823862646,0.015006495107561468,test both,,False
HESTA:CS12-13_E2S8_HESTA,E9.5,CS12-13_E2,A,0.5258654774938261,MOSTA:E9.5_E2S1.MOSTA,0.47552267924814595,0.05034279824568011,test both,,False
HESTA:CS12-13_E2S8_HESTA,E9.5,CS12-13_E2,A,0.5258654774938261,MOSTA:E9.5_E2S4.MOSTA,0.5907086419103238,0.06484316441649773,test both,,False
HESTA:CS12-13_E2S8_HESTA,E9.5,CS12-13_E2,A,0.5258654774938261,MOSTA:E9.5_E1S1.MOSTA,0.37033889308899837,0.1555265844048277,test both,,False
HESTA:CS12-13_E2_3D_HESTA,?,?_E?,?,0.4143703301151461,,,,,no MOSTA file for matched stage(s),False
HESTA:CS14-15_E1S1_HESTA,E10.5,CS14-15_E1,A,0.9249103320606271,MOSTA:E10.5_E2S1.MOSTA,0.5034444108314806,0.4214659212291465,test both,,True
HESTA:CS14-15_E1S1_HESTA,E10.5,CS14-15_E1,A,0.9249103320606271,MOSTA:E10.5_E1S3.MOSTA,0.347197326590645,0.5777130054699822,test both,,False
HESTA:CS14-15_E1S1_HESTA,E10.5,CS14-15_E1,A,0.9249103320606271,MOSTA:E10.5_E1S2.MOSTA,0.10016552351879326,0.8247448085418339,test both,,False
HESTA:CS14-15_E1S1_HESTA,E10.5,CS14-15_E1,A,0.9249103320606271,MOSTA:E10.5_E1S1.MOSTA,0.07391083234446516,0.850999499716162,test both,,False
HESTA:CS14-15_E1S2_HESTA,E10.5,CS14-15_E1,A,0.888935613494066,MOSTA:E10.5_E2S1.MOSTA,0.5034444108314806,0.3854912026625854,test both,,True
HESTA:CS14-15_E1S2_HESTA,E10.5,CS14-15_E1,A,0.888935613494066,MOSTA:E10.5_E1S3.MOSTA,0.347197326590645,0.5417382869034211,test both,,False
HESTA:CS14-15_E1S2_HESTA,E10.5,CS14-15_E1,A,0.888935613494066,MOSTA:E10.5_E1S2.MOSTA,0.10016552351879326,0.7887700899752728,test both,,False
HESTA:CS14-15_E1S2_HESTA,E10.5,CS14-15_E1,A,0.888935613494066,MOSTA:E10.5_E1S1.MOSTA,0.07391083234446516,0.8150247811496009,test both,,False
HESTA:CS14-15_E1S3_HESTA,E10.5,CS14-15_E1,A,0.7329683973868729,MOSTA:E10.5_E2S1.MOSTA,0.5034444108314806,0.2295239865553923,test both,,True
HESTA:CS14-15_E1S3_HESTA,E10.5,CS14-15_E1,A,0.7329683973868729,MOSTA:E10.5_E1S3.MOSTA,0.347197326590645,0.3857710707962279,test both,,False
HESTA:CS14-15_E1S3_HESTA,E10.5,CS14-15_E1,A,0.7329683973868729,MOSTA:E10.5_E1S2.MOSTA,0.10016552351879326,0.6328028738680797,test both,,False
HESTA:CS14-15_E1S3_HESTA,E10.5,CS14-15_E1,A,0.7329683973868729,MOSTA:E10.5_E1S1.MOSTA,0.07391083234446516,0.6590575650424078,test both,,False
HESTA:CS14-15_E1S4_HESTA,E10.5,CS14-15_E1,A,0.7296407868832535,MOSTA:E10.5_E2S1.MOSTA,0.5034444108314806,0.2261963760517729,test both,,True
HESTA:CS14-15_E1S4_HESTA,E10.5,CS14-15_E1,A,0.7296407868832535,MOSTA:E10.5_E1S3.MOSTA,0.347197326590645,0.3824434602926085,test both,,False
HESTA:CS14-15_E1S4_HESTA,E10.5,CS14-15_E1,A,0.7296407868832535,MOSTA:E10.5_E1S2.MOSTA,0.10016552351879326,0.6294752633644602,test both,,False
HESTA:CS14-15_E1S4_HESTA,E10.5,CS14-15_E1,A,0.7296407868832535,MOSTA:E10.5_E1S1.MOSTA,0.07391083234446516,0.6557299545387884,test both,,False
HESTA:CS14-15_E2S10_HESTA,E10.5,CS14-15_E2,B,0.22654247004219896,MOSTA:E10.5_E1S3.MOSTA,0.347197326590645,0.12065485654844604,test both,,True
HESTA:CS14-15_E2S10_HESTA,E10.5,CS14-15_E2,B,0.22654247004219896,MOSTA:E10.5_E1S2.MOSTA,0.10016552351879326,0.1263769465234057,test both,,False
HESTA:CS14-15_E2S10_HESTA,E10.5,CS14-15_E2,B,0.22654247004219896,MOSTA:E10.5_E1S1.MOSTA,0.07391083234446516,0.1526316376977338,test both,,False
HESTA:CS14-15_E2S10_HESTA,E10.5,CS14-15_E2,B,0.22654247004219896,MOSTA:E10.5_E2S1.MOSTA,0.5034444108314806,0.27690194078928165,test both,,False
HESTA:CS14-15_E2S1_HESTA,E10.5,CS14-15_E2,A,0.7895863457590682,MOSTA:E10.5_E2S1.MOSTA,0.5034444108314806,0.28614193492758755,test both,,True
HESTA:CS14-15_E2S1_HESTA,E10.5,CS14-15_E2,A,0.7895863457590682,MOSTA:E10.5_E1S3.MOSTA,0.347197326590645,0.44238901916842316,test both,,False
HESTA:CS14-15_E2S1_HESTA,E10.5,CS14-15_E2,A,0.7895863457590682,MOSTA:E10.5_E1S2.MOSTA,0.10016552351879326,0.6894208222402749,test both,,False
HESTA:CS14-15_E2S1_HESTA,E10.5,CS14-15_E2,A,0.7895863457590682,MOSTA:E10.5_E1S1.MOSTA,0.07391083234446516,0.715675513414603,test both,,False
HESTA:CS14-15_E2S2_HESTA,E10.5,CS14-15_E2,A,0.7895863457590682,MOSTA:E10.5_E2S1.MOSTA,0.5034444108314806,0.28614193492758755,test both,,True
HESTA:CS14-15_E2S2_HESTA,E10.5,CS14-15_E2,A,0.7895863457590682,MOSTA:E10.5_E1S3.MOSTA,0.347197326590645,0.44238901916842316,test both,,False
HESTA:CS14-15_E2S2_HESTA,E10.5,CS14-15_E2,A,0.7895863457590682,MOSTA:E10.5_E1S2.MOSTA,0.10016552351879326,0.6894208222402749,test both,,False
HESTA:CS14-15_E2S2_HESTA,E10.5,CS14-15_E2,A,0.7895863457590682,MOSTA:E10.5_E1S1.MOSTA,0.07391083234446516,0.715675513414603,test both,,False
HESTA:CS14-15_E2S3_HESTA,E10.5,CS14-15_E2,A,0.5836014126463507,MOSTA:E10.5_E2S1.MOSTA,0.5034444108314806,0.08015700181487007,test both,,True
HESTA:CS14-15_E2S3_HESTA,E10.5,CS14-15_E2,A,0.5836014126463507,MOSTA:E10.5_E1S3.MOSTA,0.347197326590645,0.23640408605570568,test both,,False
HESTA:CS14-15_E2S3_HESTA,E10.5,CS14-15_E2,A,0.5836014126463507,MOSTA:E10.5_E1S2.MOSTA,0.10016552351879326,0.4834358891275574,test both,,False
HESTA:CS14-15_E2S3_HESTA,E10.5,CS14-15_E2,A,0.5836014126463507,MOSTA:E10.5_E1S1.MOSTA,0.07391083234446516,0.5096905803018855,test both,,False
HESTA:CS14-15_E2S4_HESTA,E10.5,CS14-15_E2,A,0.5836014126463507,MOSTA:E10.5_E2S1.MOSTA,0.5034444108314806,0.08015700181487007,test both,,True
HESTA:CS14-15_E2S4_HESTA,E10.5,CS14-15_E2,A,0.5836014126463507,MOSTA:E10.5_E1S3.MOSTA,0.347197326590645,0.23640408605570568,test both,,False
HESTA:CS14-15_E2S4_HESTA,E10.5,CS14-15_E2,A,0.5836014126463507,MOSTA:E10.5_E1S2.MOSTA,0.10016552351879326,0.4834358891275574,test both,,False
HESTA:CS14-15_E2S4_HESTA,E10.5,CS14-15_E2,A,0.5836014126463507,MOSTA:E10.5_E1S1.MOSTA,0.07391083234446516,0.5096905803018855,test both,,False
HESTA:CS14-15_E2S5_HESTA,E10.5,CS14-15_E2,A,0.5567779293367054,MOSTA:E10.5_E2S1.MOSTA,0.5034444108314806,0.05333351850522483,test both,,True
HESTA:CS14-15_E2S5_HESTA,E10.5,CS14-15_E2,A,0.5567779293367054,MOSTA:E10.5_E1S3.MOSTA,0.347197326590645,0.20958060274606044,test both,,False
HESTA:CS14-15_E2S5_HESTA,E10.5,CS14-15_E2,A,0.5567779293367054,MOSTA:E10.5_E1S2.MOSTA,0.10016552351879326,0.4566124058179122,test both,,False
HESTA:CS14-15_E2S5_HESTA,E10.5,CS14-15_E2,A,0.5567779293367054,MOSTA:E10.5_E1S1.MOSTA,0.07391083234446516,0.4828670969922403,test both,,False
HESTA:CS14-15_E2S6_HESTA,E10.5,CS14-15_E2,A,0.19510546220919683,MOSTA:E10.5_E1S2.MOSTA,0.10016552351879326,0.09493993869040357,test both,,True
HESTA:CS14-15_E2S6_HESTA,E10.5,CS14-15_E2,A,0.19510546220919683,MOSTA:E10.5_E1S1.MOSTA,0.07391083234446516,0.12119462986473167,test both,,False
HESTA:CS14-15_E2S6_HESTA,E10.5,CS14-15_E2,A,0.19510546220919683,MOSTA:E10.5_E1S3.MOSTA,0.347197326590645,0.15209186438144817,test both,,False
HESTA:CS14-15_E2S6_HESTA,E10.5,CS14-15_E2,A,0.19510546220919683,MOSTA:E10.5_E2S1.MOSTA,0.5034444108314806,0.3083389486222838,test both,,False
HESTA:CS14-15_E2S7_HESTA,E10.5,CS14-15_E2,0,0.046467923238873984,MOSTA:E10.5_E1S1.MOSTA,0.07391083234446516,0.027442909105591176,as is,,True
HESTA:CS14-15_E2S7_HESTA,E10.5,CS14-15_E2,0,0.046467923238873984,MOSTA:E10.5_E1S2.MOSTA,0.10016552351879326,0.05369760027991928,test both,,False
HESTA:CS14-15_E2S7_HESTA,E10.5,CS14-15_E2,0,0.046467923238873984,MOSTA:E10.5_E1S3.MOSTA,0.347197326590645,0.300729403351771,test both,,False
HESTA:CS14-15_E2S7_HESTA,E10.5,CS14-15_E2,0,0.046467923238873984,MOSTA:E10.5_E2S1.MOSTA,0.5034444108314806,0.4569764875926066,test both,,False
HESTA:CS14-15_E2S8_HESTA,E10.5,CS14-15_E2,B,0.0718742201147991,MOSTA:E10.5_E1S1.MOSTA,0.07391083234446516,0.002036612229666057,as is,,True
HESTA:CS14-15_E2S8_HESTA,E10.5,CS14-15_E2,B,0.0718742201147991,MOSTA:E10.5_E1S2.MOSTA,0.10016552351879326,0.02829130340399416,test both,,False
HESTA:CS14-15_E2S8_HESTA,E10.5,CS14-15_E2,B,0.0718742201147991,MOSTA:E10.5_E1S3.MOSTA,0.347197326590645,0.2753231064758459,test both,,False
HESTA:CS14-15_E2S8_HESTA,E10.5,CS14-15_E2,B,0.0718742201147991,MOSTA:E10.5_E2S1.MOSTA,0.5034444108314806,0.4315701907166815,test both,,False
HESTA:CS14-15_E2S9_HESTA,E10.5,CS14-15_E2,B,0.154655607584154,MOSTA:E10.5_E1S2.MOSTA,0.10016552351879326,0.05449008406536074,test both,,True
HESTA:CS14-15_E2S9_HESTA,E10.5,CS14-15_E2,B,0.154655607584154,MOSTA:E10.5_E1S1.MOSTA,0.07391083234446516,0.08074477523968884,test both,,False
HESTA:CS14-15_E2S9_HESTA,E10.5,CS14-15_E2,B,0.154655607584154,MOSTA:E10.5_E1S3.MOSTA,0.347197326590645,0.192541719006491,test both,,False
HESTA:CS14-15_E2S9_HESTA,E10.5,CS14-15_E2,B,0.154655607584154,MOSTA:E10.5_E2S1.MOSTA,0.5034444108314806,0.34878880324732664,test both,,False
HESTA:CS14-15_E3S1_HESTA,E10.5,CS14-15_E3,A,0.6521315486700309,MOSTA:E10.5_E2S1.MOSTA,0.5034444108314806,0.14868713783855025,test both,,True
HESTA:CS14-15_E3S1_HESTA,E10.5,CS14-15_E3,A,0.6521315486700309,MOSTA:E10.5_E1S3.MOSTA,0.347197326590645,0.30493422207938586,test both,,False
HESTA:CS14-15_E3S1_HESTA,E10.5,CS14-15_E3,A,0.6521315486700309,MOSTA:E10.5_E1S2.MOSTA,0.10016552351879326,0.5519660251512376,test both,,False
HESTA:CS14-15_E3S1_HESTA,E10.5,CS14-15_E3,A,0.6521315486700309,MOSTA:E10.5_E1S1.MOSTA,0.07391083234446516,0.5782207163255657,test both,,False
HESTA:CS14-15_E3S2_HESTA,E10.5,CS14-15_E3,A,0.32973658872373607,MOSTA:E10.5_E1S3.MOSTA,0.347197326590645,0.017460737866908937,test both,,True
HESTA:CS14-15_E3S2_HESTA,E10.5,CS14-15_E3,A,0.32973658872373607,MOSTA:E10.5_E2S1.MOSTA,0.5034444108314806,0.17370782210774455,test both,,False
HESTA:CS14-15_E3S2_HESTA,E10.5,CS14-15_E3,A,0.32973658872373607,MOSTA:E10.5_E1S2.MOSTA,0.10016552351879326,0.2295710652049428,test both,,False
HESTA:CS14-15_E3S2_HESTA,E10.5,CS14-15_E3,A,0.32973658872373607,MOSTA:E10.5_E1S1.MOSTA,0.07391083234446516,0.2558257563792709,test both,,False
HESTA:CS14-15_E3S3_HESTA,E10.5,CS14-15_E3,0,0.32604472249019373,MOSTA:E10.5_E1S3.MOSTA,0.347197326590645,0.021152604100451278,test both,,True
HESTA:CS14-15_E3S3_HESTA,E10.5,CS14-15_E3,0,0.32604472249019373,MOSTA:E10.5_E2S1.MOSTA,0.5034444108314806,0.1773996883412869,test both,,False
HESTA:CS14-15_E3S3_HESTA,E10.5,CS14-15_E3,0,0.32604472249019373,MOSTA:E10.5_E1S2.MOSTA,0.10016552351879326,0.22587919897140046,test both,,False
HESTA:CS14-15_E3S3_HESTA,E10.5,CS14-15_E3,0,0.32604472249019373,MOSTA:E10.5_E1S1.MOSTA,0.07391083234446516,0.25213389014572857,test both,,False
HESTA:CS14-15_E3S4_HESTA,E10.5,CS14-15_E3,B,0.5017903901837635,MOSTA:E10.5_E2S1.MOSTA,0.5034444108314806,0.001654020647717136,test both,,True
HESTA:CS14-15_E3S4_HESTA,E10.5,CS14-15_E3,B,0.5017903901837635,MOSTA:E10.5_E1S3.MOSTA,0.347197326590645,0.15459306359311847,test both,,False
HESTA:CS14-15_E3S4_HESTA,E10.5,CS14-15_E3,B,0.5017903901837635,MOSTA:E10.5_E1S2.MOSTA,0.10016552351879326,0.4016248666649702,test both,,False
HESTA:CS14-15_E3S4_HESTA,E10.5,CS14-15_E3,B,0.5017903901837635,MOSTA:E10.5_E1S1.MOSTA,0.07391083234446516,0.4278795578392983,test both,,False
HESTA:CS17_E1S10_HESTA,"E11.5,E12.5",CS17_E1,A,0.46585186540361423,MOSTA:E12.5_E1S5.MOSTA,0.6666666666666666,0.2008148012630524,test both,,True
HESTA:CS17_E1S10_HESTA,"E11.5,E12.5",CS17_E1,A,0.46585186540361423,MOSTA:E11.5_E1S1.MOSTA,0.714614758354547,0.2487628929509328,test both,,False
HESTA:CS17_E1S10_HESTA,"E11.5,E12.5",CS17_E1,A,0.46585186540361423,MOSTA:E11.5_E1S3.MOSTA,0.7244413102579721,0.25858944485435786,test both,,False
HESTA:CS17_E1S10_HESTA,"E11.5,E12.5",CS17_E1,A,0.46585186540361423,MOSTA:E11.5_E1S2.MOSTA,0.734461402344614,0.26860953694099976,test both,,False
HESTA:CS17_E1S10_HESTA,"E11.5,E12.5",CS17_E1,A,0.46585186540361423,MOSTA:E12.5_E1S4.MOSTA,0.7522733731173629,0.28642150771374864,test both,,False
HESTA:CS17_E1S10_HESTA,"E11.5,E12.5",CS17_E1,A,0.46585186540361423,MOSTA:E12.5_E1S1.MOSTA,0.7647243107769424,0.29887244537332813,test both,,False
HESTA:CS17_E1S10_HESTA,"E11.5,E12.5",CS17_E1,A,0.46585186540361423,MOSTA:E11.5_E1S4.MOSTA,0.7713406650955748,0.3054887996919605,test both,,False
HESTA:CS17_E1S10_HESTA,"E11.5,E12.5",CS17_E1,A,0.46585186540361423,MOSTA:E12.5_E1S2.MOSTA,0.8076784101174345,0.34182654471382024,test both,,False
HESTA:CS17_E1S10_HESTA,"E11.5,E12.5",CS17_E1,A,0.46585186540361423,MOSTA:E12.5_E2S1.MOSTA,0.11505003268466837,0.3508018327189458,test both,,False
HESTA:CS17_E1S10_HESTA,"E11.5,E12.5",CS17_E1,A,0.46585186540361423,MOSTA:E12.5_E1S3.MOSTA,0.10299387583313163,0.3628579895704826,test both,,False
HESTA:CS17_E1S1_HESTA,"E11.5,E12.5",CS17_E1,A,1.0,MOSTA:E12.5_E1S2.MOSTA,0.8076784101174345,0.19232158988256554,test both,,True
HESTA:CS17_E1S1_HESTA,"E11.5,E12.5",CS17_E1,A,1.0,MOSTA:E11.5_E1S4.MOSTA,0.7713406650955748,0.22865933490442525,test both,,False
HESTA:CS17_E1S1_HESTA,"E11.5,E12.5",CS17_E1,A,1.0,MOSTA:E12.5_E1S1.MOSTA,0.7647243107769424,0.23527568922305764,test both,,False
HESTA:CS17_E1S1_HESTA,"E11.5,E12.5",CS17_E1,A,1.0,MOSTA:E12.5_E1S4.MOSTA,0.7522733731173629,0.24772662688263714,test both,,False
HESTA:CS17_E1S1_HESTA,"E11.5,E12.5",CS17_E1,A,1.0,MOSTA:E11.5_E1S2.MOSTA,0.734461402344614,0.265538597655386,test both,,False
HESTA:CS17_E1S1_HESTA,"E11.5,E12.5",CS17_E1,A,1.0,MOSTA:E11.5_E1S3.MOSTA,0.7244413102579721,0.2755586897420279,test both,,False
HESTA:CS17_E1S1_HESTA,"E11.5,E12.5",CS17_E1,A,1.0,MOSTA:E11.5_E1S1.MOSTA,0.714614758354547,0.285385241645453,test both,,False
HESTA:CS17_E1S1_HESTA,"E11.5,E12.5",CS17_E1,A,1.0,MOSTA:E12.5_E1S5.MOSTA,0.6666666666666666,0.33333333333333337,test both,,False
HESTA:CS17_E1S1_HESTA,"E11.5,E12.5",CS17_E1,A,1.0,MOSTA:E12.5_E2S1.MOSTA,0.11505003268466837,0.8849499673153316,test both,,False
HESTA:CS17_E1S1_HESTA,"E11.5,E12.5",CS17_E1,A,1.0,MOSTA:E12.5_E1S3.MOSTA,0.10299387583313163,0.8970061241668683,test both,,False
HESTA:CS17_E1S2_HESTA,"E11.5,E12.5",CS17_E1,A,0.9258273740229503,MOSTA:E12.5_E1S2.MOSTA,0.8076784101174345,0.11814896390551588,test both,,True
HESTA:CS17_E1S2_HESTA,"E11.5,E12.5",CS17_E1,A,0.9258273740229503,MOSTA:E11.5_E1S4.MOSTA,0.7713406650955748,0.1544867089273756,test both,,False
HESTA:CS17_E1S2_HESTA,"E11.5,E12.5",CS17_E1,A,0.9258273740229503,MOSTA:E12.5_E1S1.MOSTA,0.7647243107769424,0.16110306324600798,test both,,False
HESTA:CS17_E1S2_HESTA,"E11.5,E12.5",CS17_E1,A,0.9258273740229503,MOSTA:E12.5_E1S4.MOSTA,0.7522733731173629,0.17355400090558748,test both,,False
HESTA:CS17_E1S2_HESTA,"E11.5,E12.5",CS17_E1,A,0.9258273740229503,MOSTA:E11.5_E1S2.MOSTA,0.734461402344614,0.19136597167833636,test both,,False
HESTA:CS17_E1S2_HESTA,"E11.5,E12.5",CS17_E1,A,0.9258273740229503,MOSTA:E11.5_E1S3.MOSTA,0.7244413102579721,0.20138606376497825,test both,,False
HESTA:CS17_E1S2_HESTA,"E11.5,E12.5",CS17_E1,A,0.9258273740229503,MOSTA:E11.5_E1S1.MOSTA,0.714614758354547,0.21121261566840333,test both,,False
HESTA:CS17_E1S2_HESTA,"E11.5,E12.5",CS17_E1,A,0.9258273740229503,MOSTA:E12.5_E1S5.MOSTA,0.6666666666666666,0.2591607073562837,test both,,False
HESTA:CS17_E1S2_HESTA,"E11.5,E12.5",CS17_E1,A,0.9258273740229503,MOSTA:E12.5_E2S1.MOSTA,0.11505003268466837,0.8107773413382819,test both,,False
HESTA:CS17_E1S2_HESTA,"E11.5,E12.5",CS17_E1,A,0.9258273740229503,MOSTA:E12.5_E1S3.MOSTA,0.10299387583313163,0.8228334981898187,test both,,False
HESTA:CS17_E1S3_HESTA,"E11.5,E12.5",CS17_E1,A,0.8879814382051914,MOSTA:E12.5_E1S2.MOSTA,0.8076784101174345,0.08030302808775691,test both,,True
HESTA:CS17_E1S3_HESTA,"E11.5,E12.5",CS17_E1,A,0.8879814382051914,MOSTA:E11.5_E1S4.MOSTA,0.7713406650955748,0.11664077310961662,test both,,False
HESTA:CS17_E1S3_HESTA,"E11.5,E12.5",CS17_E1,A,0.8879814382051914,MOSTA:E12.5_E1S1.MOSTA,0.7647243107769424,0.12325712742824901,test both,,False
HESTA:CS17_E1S3_HESTA,"E11.5,E12.5",CS17_E1,A,0.8879814382051914,MOSTA:E12.5_E1S4.MOSTA,0.7522733731173629,0.1357080650878285,test both,,False
HESTA:CS17_E1S3_HESTA,"E11.5,E12.5",CS17_E1,A,0.8879814382051914,MOSTA:E11.5_E1S2.MOSTA,0.734461402344614,0.1535200358605774,test both,,False
HESTA:CS17_E1S3_HESTA,"E11.5,E12.5",CS17_E1,A,0.8879814382051914,MOSTA:E11.5_E1S3.MOSTA,0.7244413102579721,0.16354012794721928,test both,,False
HESTA:CS17_E1S3_HESTA,"E11.5,E12.5",CS17_E1,A,0.8879814382051914,MOSTA:E11.5_E1S1.MOSTA,0.714614758354547,0.17336667985064436,test both,,False
HESTA:CS17_E1S3_HESTA,"E11.5,E12.5",CS17_E1,A,0.8879814382051914,MOSTA:E12.5_E1S5.MOSTA,0.6666666666666666,0.22131477153852475,test both,,False
HESTA:CS17_E1S3_HESTA,"E11.5,E12.5",CS17_E1,A,0.8879814382051914,MOSTA:E12.5_E2S1.MOSTA,0.11505003268466837,0.772931405520523,test both,,False
HESTA:CS17_E1S3_HESTA,"E11.5,E12.5",CS17_E1,A,0.8879814382051914,MOSTA:E12.5_E1S3.MOSTA,0.10299387583313163,0.7849875623720597,test both,,False
HESTA:CS17_E1S4_HESTA,"E11.5,E12.5",CS17_E1,A,0.7725414149001457,MOSTA:E11.5_E1S4.MOSTA,0.7713406650955748,0.0012007498045709664,test both,,True
HESTA:CS17_E1S4_HESTA,"E11.5,E12.5",CS17_E1,A,0.7725414149001457,MOSTA:E12.5_E1S1.MOSTA,0.7647243107769424,0.007817104123203356,test both,,False
HESTA:CS17_E1S4_HESTA,"E11.5,E12.5",CS17_E1,A,0.7725414149001457,MOSTA:E12.5_E1S4.MOSTA,0.7522733731173629,0.020268041782782853,test both,,False
HESTA:CS17_E1S4_HESTA,"E11.5,E12.5",CS17_E1,A,0.7725414149001457,MOSTA:E12.5_E1S2.MOSTA,0.8076784101174345,0.03513699521728875,test both,,False
HESTA:CS17_E1S4_HESTA,"E11.5,E12.5",CS17_E1,A,0.7725414149001457,MOSTA:E11.5_E1S2.MOSTA,0.734461402344614,0.03808001255553173,test both,,False
HESTA:CS17_E1S4_HESTA,"E11.5,E12.5",CS17_E1,A,0.7725414149001457,MOSTA:E11.5_E1S3.MOSTA,0.7244413102579721,0.048100104642173624,test both,,False
HESTA:CS17_E1S4_HESTA,"E11.5,E12.5",CS17_E1,A,0.7725414149001457,MOSTA:E11.5_E1S1.MOSTA,0.714614758354547,0.0579266565455987,test both,,False
HESTA:CS17_E1S4_HESTA,"E11.5,E12.5",CS17_E1,A,0.7725414149001457,MOSTA:E12.5_E1S5.MOSTA,0.6666666666666666,0.10587474823347909,test both,,False
HESTA:CS17_E1S4_HESTA,"E11.5,E12.5",CS17_E1,A,0.7725414149001457,MOSTA:E12.5_E2S1.MOSTA,0.11505003268466837,0.6574913822154773,test both,,False
HESTA:CS17_E1S4_HESTA,"E11.5,E12.5",CS17_E1,A,0.7725414149001457,MOSTA:E12.5_E1S3.MOSTA,0.10299387583313163,0.669547539067014,test both,,False
HESTA:CS17_E1S5_HESTA,"E11.5,E12.5",CS17_E1,A,0.7440180638161181,MOSTA:E12.5_E1S4.MOSTA,0.7522733731173629,0.00825530930124474,test both,,True
HESTA:CS17_E1S5_HESTA,"E11.5,E12.5",CS17_E1,A,0.7440180638161181,MOSTA:E11.5_E1S2.MOSTA,0.734461402344614,0.009556661471504135,test both,,False
HESTA:CS17_E1S5_HESTA,"E11.5,E12.5",CS17_E1,A,0.7440180638161181,MOSTA:E11.5_E1S3.MOSTA,0.7244413102579721,0.01957675355814603,test both,,False
HESTA:CS17_E1S5_HESTA,"E11.5,E12.5",CS17_E1,A,0.7440180638161181,MOSTA:E12.5_E1S1.MOSTA,0.7647243107769424,0.020706246960824237,test both,,False
HESTA:CS17_E1S5_HESTA,"E11.5,E12.5",CS17_E1,A,0.7440180638161181,MOSTA:E11.5_E1S4.MOSTA,0.7713406650955748,0.027322601279456626,test both,,False
HESTA:CS17_E1S5_HESTA,"E11.5,E12.5",CS17_E1,A,0.7440180638161181,MOSTA:E11.5_E1S1.MOSTA,0.714614758354547,0.029403305461571105,test both,,False
HESTA:CS17_E1S5_HESTA,"E11.5,E12.5",CS17_E1,A,0.7440180638161181,MOSTA:E12.5_E1S2.MOSTA,0.8076784101174345,0.06366034630131634,test both,,False
HESTA:CS17_E1S5_HESTA,"E11.5,E12.5",CS17_E1,A,0.7440180638161181,MOSTA:E12.5_E1S5.MOSTA,0.6666666666666666,0.0773513971494515,test both,,False
HESTA:CS17_E1S5_HESTA,"E11.5,E12.5",CS17_E1,A,0.7440180638161181,MOSTA:E12.5_E2S1.MOSTA,0.11505003268466837,0.6289680311314497,test both,,False
HESTA:CS17_E1S5_HESTA,"E11.5,E12.5",CS17_E1,A,0.7440180638161181,MOSTA:E12.5_E1S3.MOSTA,0.10299387583313163,0.6410241879829865,test both,,False
HESTA:CS17_E1S6_HESTA,"E11.5,E12.5",CS17_E1,A,0.7440180638161181,MOSTA:E12.5_E1S4.MOSTA,0.7522733731173629,0.00825530930124474,test both,,True
HESTA:CS17_E1S6_HESTA,"E11.5,E12.5",CS17_E1,A,0.7440180638161181,MOSTA:E11.5_E1S2.MOSTA,0.734461402344614,0.009556661471504135,test both,,False
HESTA:CS17_E1S6_HESTA,"E11.5,E12.5",CS17_E1,A,0.7440180638161181,MOSTA:E11.5_E1S3.MOSTA,0.7244413102579721,0.01957675355814603,test both,,False
HESTA:CS17_E1S6_HESTA,"E11.5,E12.5",CS17_E1,A,0.7440180638161181,MOSTA:E12.5_E1S1.MOSTA,0.7647243107769424,0.020706246960824237,test both,,False
HESTA:CS17_E1S6_HESTA,"E11.5,E12.5",CS17_E1,A,0.7440180638161181,MOSTA:E11.5_E1S4.MOSTA,0.7713406650955748,0.027322601279456626,test both,,False
HESTA:CS17_E1S6_HESTA,"E11.5,E12.5",CS17_E1,A,0.7440180638161181,MOSTA:E11.5_E1S1.MOSTA,0.714614758354547,0.029403305461571105,test both,,False
HESTA:CS17_E1S6_HESTA,"E11.5,E12.5",CS17_E1,A,0.7440180638161181,MOSTA:E12.5_E1S2.MOSTA,0.8076784101174345,0.06366034630131634,test both,,False
HESTA:CS17_E1S6_HESTA,"E11.5,E12.5",CS17_E1,A,0.7440180638161181,MOSTA:E12.5_E1S5.MOSTA,0.6666666666666666,0.0773513971494515,test both,,False
HESTA:CS17_E1S6_HESTA,"E11.5,E12.5",CS17_E1,A,0.7440180638161181,MOSTA:E12.5_E2S1.MOSTA,0.11505003268466837,0.6289680311314497,test both,,False
HESTA:CS17_E1S6_HESTA,"E11.5,E12.5",CS17_E1,A,0.7440180638161181,MOSTA:E12.5_E1S3.MOSTA,0.10299387583313163,0.6410241879829865,test both,,False
HESTA:CS17_E1S7_HESTA,"E11.5,E12.5",CS17_E1,A,0.7440180638161181,MOSTA:E12.5_E1S4.MOSTA,0.7522733731173629,0.00825530930124474,test both,,True
HESTA:CS17_E1S7_HESTA,"E11.5,E12.5",CS17_E1,A,0.7440180638161181,MOSTA:E11.5_E1S2.MOSTA,0.734461402344614,0.009556661471504135,test both,,False
HESTA:CS17_E1S7_HESTA,"E11.5,E12.5",CS17_E1,A,0.7440180638161181,MOSTA:E11.5_E1S3.MOSTA,0.7244413102579721,0.01957675355814603,test both,,False
HESTA:CS17_E1S7_HESTA,"E11.5,E12.5",CS17_E1,A,0.7440180638161181,MOSTA:E12.5_E1S1.MOSTA,0.7647243107769424,0.020706246960824237,test both,,False
HESTA:CS17_E1S7_HESTA,"E11.5,E12.5",CS17_E1,A,0.7440180638161181,MOSTA:E11.5_E1S4.MOSTA,0.7713406650955748,0.027322601279456626,test both,,False
HESTA:CS17_E1S7_HESTA,"E11.5,E12.5",CS17_E1,A,0.7440180638161181,MOSTA:E11.5_E1S1.MOSTA,0.714614758354547,0.029403305461571105,test both,,False
HESTA:CS17_E1S7_HESTA,"E11.5,E12.5",CS17_E1,A,0.7440180638161181,MOSTA:E12.5_E1S2.MOSTA,0.8076784101174345,0.06366034630131634,test both,,False
HESTA:CS17_E1S7_HESTA,"E11.5,E12.5",CS17_E1,A,0.7440180638161181,MOSTA:E12.5_E1S5.MOSTA,0.6666666666666666,0.0773513971494515,test both,,False
HESTA:CS17_E1S7_HESTA,"E11.5,E12.5",CS17_E1,A,0.7440180638161181,MOSTA:E12.5_E2S1.MOSTA,0.11505003268466837,0.6289680311314497,test both,,False
HESTA:CS17_E1S7_HESTA,"E11.5,E12.5",CS17_E1,A,0.7440180638161181,MOSTA:E12.5_E1S3.MOSTA,0.10299387583313163,0.6410241879829865,test both,,False
HESTA:CS17_E1S8_HESTA,"E11.5,E12.5",CS17_E1,A,0.7440180638161181,MOSTA:E12.5_E1S4.MOSTA,0.7522733731173629,0.00825530930124474,test both,,True
HESTA:CS17_E1S8_HESTA,"E11.5,E12.5",CS17_E1,A,0.7440180638161181,MOSTA:E11.5_E1S2.MOSTA,0.734461402344614,0.009556661471504135,test both,,False
HESTA:CS17_E1S8_HESTA,"E11.5,E12.5",CS17_E1,A,0.7440180638161181,MOSTA:E11.5_E1S3.MOSTA,0.7244413102579721,0.01957675355814603,test both,,False
HESTA:CS17_E1S8_HESTA,"E11.5,E12.5",CS17_E1,A,0.7440180638161181,MOSTA:E12.5_E1S1.MOSTA,0.7647243107769424,0.020706246960824237,test both,,False
HESTA:CS17_E1S8_HESTA,"E11.5,E12.5",CS17_E1,A,0.7440180638161181,MOSTA:E11.5_E1S4.MOSTA,0.7713406650955748,0.027322601279456626,test both,,False
HESTA:CS17_E1S8_HESTA,"E11.5,E12.5",CS17_E1,A,0.7440180638161181,MOSTA:E11.5_E1S1.MOSTA,0.714614758354547,0.029403305461571105,test both,,False
HESTA:CS17_E1S8_HESTA,"E11.5,E12.5",CS17_E1,A,0.7440180638161181,MOSTA:E12.5_E1S2.MOSTA,0.8076784101174345,0.06366034630131634,test both,,False
HESTA:CS17_E1S8_HESTA,"E11.5,E12.5",CS17_E1,A,0.7440180638161181,MOSTA:E12.5_E1S5.MOSTA,0.6666666666666666,0.0773513971494515,test both,,False
HESTA:CS17_E1S8_HESTA,"E11.5,E12.5",CS17_E1,A,0.7440180638161181,MOSTA:E12.5_E2S1.MOSTA,0.11505003268466837,0.6289680311314497,test both,,False
HESTA:CS17_E1S8_HESTA,"E11.5,E12.5",CS17_E1,A,0.7440180638161181,MOSTA:E12.5_E1S3.MOSTA,0.10299387583313163,0.6410241879829865,test both,,False
HESTA:CS17_E1S9_HESTA,"E11.5,E12.5",CS17_E1,A,0.665922237100448,MOSTA:E12.5_E1S5.MOSTA,0.6666666666666666,0.000744429566218674,test both,,True
HESTA:CS17_E1S9_HESTA,"E11.5,E12.5",CS17_E1,A,0.665922237100448,MOSTA:E11.5_E1S1.MOSTA,0.714614758354547,0.048692521254099064,test both,,False
HESTA:CS17_E1S9_HESTA,"E11.5,E12.5",CS17_E1,A,0.665922237100448,MOSTA:E11.5_E1S3.MOSTA,0.7244413102579721,0.05851907315752414,test both,,False
HESTA:CS17_E1S9_HESTA,"E11.5,E12.5",CS17_E1,A,0.665922237100448,MOSTA:E11.5_E1S2.MOSTA,0.734461402344614,0.06853916524416603,test both,,False
HESTA:CS17_E1S9_HESTA,"E11.5,E12.5",CS17_E1,A,0.665922237100448,MOSTA:E12.5_E1S4.MOSTA,0.7522733731173629,0.08635113601691491,test both,,False
HESTA:CS17_E1S9_HESTA,"E11.5,E12.5",CS17_E1,A,0.665922237100448,MOSTA:E12.5_E1S1.MOSTA,0.7647243107769424,0.0988020736764944,test both,,False
HESTA:CS17_E1S9_HESTA,"E11.5,E12.5",CS17_E1,A,0.665922237100448,MOSTA:E11.5_E1S4.MOSTA,0.7713406650955748,0.1054184279951268,test both,,False
HESTA:CS17_E1S9_HESTA,"E11.5,E12.5",CS17_E1,A,0.665922237100448,MOSTA:E12.5_E1S2.MOSTA,0.8076784101174345,0.1417561730169865,test both,,False
HESTA:CS17_E1S9_HESTA,"E11.5,E12.5",CS17_E1,A,0.665922237100448,MOSTA:E12.5_E2S1.MOSTA,0.11505003268466837,0.5508722044157796,test both,,False
HESTA:CS17_E1S9_HESTA,"E11.5,E12.5",CS17_E1,A,0.665922237100448,MOSTA:E12.5_E1S3.MOSTA,0.10299387583313163,0.5629283612673164,test both,,False
HESTA:CS18_E1S1_HESTA,E12.5,CS18_E1,A,0.32631743267477026,MOSTA:E12.5_E2S1.MOSTA,0.11505003268466837,0.21126739999010188,test both,,True
HESTA:CS18_E1S1_HESTA,E12.5,CS18_E1,A,0.32631743267477026,MOSTA:E12.5_E1S3.MOSTA,0.10299387583313163,0.22332355684163863,test both,,False
HESTA:CS18_E1S1_HESTA,E12.5,CS18_E1,A,0.32631743267477026,MOSTA:E12.5_E1S5.MOSTA,0.6666666666666666,0.34034923399189637,test both,,False
HESTA:CS18_E1S1_HESTA,E12.5,CS18_E1,A,0.32631743267477026,MOSTA:E12.5_E1S4.MOSTA,0.7522733731173629,0.4259559404425926,test both,,False
HESTA:CS18_E1S1_HESTA,E12.5,CS18_E1,A,0.32631743267477026,MOSTA:E12.5_E1S1.MOSTA,0.7647243107769424,0.4384068781021721,test both,,False
HESTA:CS18_E1S1_HESTA,E12.5,CS18_E1,A,0.32631743267477026,MOSTA:E12.5_E1S2.MOSTA,0.8076784101174345,0.4813609774426642,test both,,False
HESTA:CS18_E1S2_HESTA,E12.5,CS18_E1,A,0.5595978428399088,MOSTA:E12.5_E1S5.MOSTA,0.6666666666666666,0.10706882382675786,test both,,True
HESTA:CS18_E1S2_HESTA,E12.5,CS18_E1,A,0.5595978428399088,MOSTA:E12.5_E1S4.MOSTA,0.7522733731173629,0.1926755302774541,test both,,False
HESTA:CS18_E1S2_HESTA,E12.5,CS18_E1,A,0.5595978428399088,MOSTA:E12.5_E1S1.MOSTA,0.7647243107769424,0.2051264679370336,test both,,False
HESTA:CS18_E1S2_HESTA,E12.5,CS18_E1,A,0.5595978428399088,MOSTA:E12.5_E1S2.MOSTA,0.8076784101174345,0.2480805672775257,test both,,False
HESTA:CS18_E1S2_HESTA,E12.5,CS18_E1,A,0.5595978428399088,MOSTA:E12.5_E2S1.MOSTA,0.11505003268466837,0.44454781015524036,test both,,False
HESTA:CS18_E1S2_HESTA,E12.5,CS18_E1,A,0.5595978428399088,MOSTA:E12.5_E1S3.MOSTA,0.10299387583313163,0.45660396700677713,test both,,False
HESTA:CS18_E1S3_HESTA,E12.5,CS18_E1,A,0.5738897265299799,MOSTA:E12.5_E1S5.MOSTA,0.6666666666666666,0.09277694013668669,test both,,True
HESTA:CS18_E1S3_HESTA,E12.5,CS18_E1,A,0.5738897265299799,MOSTA:E12.5_E1S4.MOSTA,0.7522733731173629,0.17838364658738293,test both,,False
HESTA:CS18_E1S3_HESTA,E12.5,CS18_E1,A,0.5738897265299799,MOSTA:E12.5_E1S1.MOSTA,0.7647243107769424,0.19083458424696242,test both,,False
HESTA:CS18_E1S3_HESTA,E12.5,CS18_E1,A,0.5738897265299799,MOSTA:E12.5_E1S2.MOSTA,0.8076784101174345,0.23378868358745453,test both,,False
HESTA:CS18_E1S3_HESTA,E12.5,CS18_E1,A,0.5738897265299799,MOSTA:E12.5_E2S1.MOSTA,0.11505003268466837,0.45883969384531154,test both,,False
HESTA:CS18_E1S3_HESTA,E12.5,CS18_E1,A,0.5738897265299799,MOSTA:E12.5_E1S3.MOSTA,0.10299387583313163,0.4708958506968483,test both,,False
HESTA:CS18_E1S4_HESTA,E12.5,CS18_E1,A,0.5738897265299799,MOSTA:E12.5_E1S5.MOSTA,0.6666666666666666,0.09277694013668669,test both,,True
HESTA:CS18_E1S4_HESTA,E12.5,CS18_E1,A,0.5738897265299799,MOSTA:E12.5_E1S4.MOSTA,0.7522733731173629,0.17838364658738293,test both,,False
HESTA:CS18_E1S4_HESTA,E12.5,CS18_E1,A,0.5738897265299799,MOSTA:E12.5_E1S1.MOSTA,0.7647243107769424,0.19083458424696242,test both,,False
HESTA:CS18_E1S4_HESTA,E12.5,CS18_E1,A,0.5738897265299799,MOSTA:E12.5_E1S2.MOSTA,0.8076784101174345,0.23378868358745453,test both,,False
HESTA:CS18_E1S4_HESTA,E12.5,CS18_E1,A,0.5738897265299799,MOSTA:E12.5_E2S1.MOSTA,0.11505003268466837,0.45883969384531154,test both,,False
HESTA:CS18_E1S4_HESTA,E12.5,CS18_E1,A,0.5738897265299799,MOSTA:E12.5_E1S3.MOSTA,0.10299387583313163,0.4708958506968483,test both,,False
HESTA:CS18_E1S5_HESTA,E12.5,CS18_E1,A,0.5738897265299799,MOSTA:E12.5_E1S5.MOSTA,0.6666666666666666,0.09277694013668669,test both,,True
HESTA:CS18_E1S5_HESTA,E12.5,CS18_E1,A,0.5738897265299799,MOSTA:E12.5_E1S4.MOSTA,0.7522733731173629,0.17838364658738293,test both,,False
HESTA:CS18_E1S5_HESTA,E12.5,CS18_E1,A,0.5738897265299799,MOSTA:E12.5_E1S1.MOSTA,0.7647243107769424,0.19083458424696242,test both,,False
HESTA:CS18_E1S5_HESTA,E12.5,CS18_E1,A,0.5738897265299799,MOSTA:E12.5_E1S2.MOSTA,0.8076784101174345,0.23378868358745453,test both,,False
HESTA:CS18_E1S5_HESTA,E12.5,CS18_E1,A,0.5738897265299799,MOSTA:E12.5_E2S1.MOSTA,0.11505003268466837,0.45883969384531154,test both,,False
HESTA:CS18_E1S5_HESTA,E12.5,CS18_E1,A,0.5738897265299799,MOSTA:E12.5_E1S3.MOSTA,0.10299387583313163,0.4708958506968483,test both,,False
HESTA:CS18_E1S6_HESTA,E12.5,CS18_E1,A,0.6666666666666666,MOSTA:E12.5_E1S5.MOSTA,0.6666666666666666,0.0,test both,,True
HESTA:CS18_E1S6_HESTA,E12.5,CS18_E1,A,0.6666666666666666,MOSTA:E12.5_E1S4.MOSTA,0.7522733731173629,0.08560670645069623,test both,,False
HESTA:CS18_E1S6_HESTA,E12.5,CS18_E1,A,0.6666666666666666,MOSTA:E12.5_E1S1.MOSTA,0.7647243107769424,0.09805764411027573,test both,,False
HESTA:CS18_E1S6_HESTA,E12.5,CS18_E1,A,0.6666666666666666,MOSTA:E12.5_E1S2.MOSTA,0.8076784101174345,0.14101174345076783,test both,,False
HESTA:CS18_E1S6_HESTA,E12.5,CS18_E1,A,0.6666666666666666,MOSTA:E12.5_E2S1.MOSTA,0.11505003268466837,0.5516166339819982,test both,,False
HESTA:CS18_E1S6_HESTA,E12.5,CS18_E1,A,0.6666666666666666,MOSTA:E12.5_E1S3.MOSTA,0.10299387583313163,0.563672790833535,test both,,False
HESTA:CS19_E1S1_HESTA,"E12.5,E13.5",CS19_E1,A,0.5547215877175242,MOSTA:E12.5_E1S5.MOSTA,0.6666666666666666,0.11194507894914241,test both,,True
HESTA:CS19_E1S1_HESTA,"E12.5,E13.5",CS19_E1,A,0.5547215877175242,MOSTA:E12.5_E1S4.MOSTA,0.7522733731173629,0.19755178539983864,test both,,False
HESTA:CS19_E1S1_HESTA,"E12.5,E13.5",CS19_E1,A,0.5547215877175242,MOSTA:E12.5_E1S1.MOSTA,0.7647243107769424,0.21000272305941814,test both,,False
HESTA:CS19_E1S1_HESTA,"E12.5,E13.5",CS19_E1,A,0.5547215877175242,MOSTA:E12.5_E1S2.MOSTA,0.8076784101174345,0.25295682239991024,test both,,False
HESTA:CS19_E1S1_HESTA,"E12.5,E13.5",CS19_E1,A,0.5547215877175242,MOSTA:E13.5_E1S4.MOSTA,0.2071546675096368,0.34756692020788743,test both,,False
HESTA:CS19_E1S1_HESTA,"E12.5,E13.5",CS19_E1,A,0.5547215877175242,MOSTA:E13.5_E1S2.MOSTA,0.1387358689552462,0.415985718762278,test both,,False
HESTA:CS19_E1S1_HESTA,"E12.5,E13.5",CS19_E1,A,0.5547215877175242,MOSTA:E12.5_E2S1.MOSTA,0.11505003268466837,0.4396715550328558,test both,,False
HESTA:CS19_E1S1_HESTA,"E12.5,E13.5",CS19_E1,A,0.5547215877175242,MOSTA:E12.5_E1S3.MOSTA,0.10299387583313163,0.4517277118843926,test both,,False
HESTA:CS19_E1S1_HESTA,"E12.5,E13.5",CS19_E1,A,0.5547215877175242,MOSTA:E13.5_E1S3.MOSTA,0.04123142801531175,0.5134901597022125,test both,,False
HESTA:CS19_E1S1_HESTA,"E12.5,E13.5",CS19_E1,A,0.5547215877175242,MOSTA:E13.5_E1S1.MOSTA,0.03525071363171218,0.519470874085812,test both,,False
HESTA:CS19_E1S2_HESTA,"E12.5,E13.5",CS19_E1,A,0.6202697046368075,MOSTA:E12.5_E1S5.MOSTA,0.6666666666666666,0.0463969620298591,test both,,True
HESTA:CS19_E1S2_HESTA,"E12.5,E13.5",CS19_E1,A,0.6202697046368075,MOSTA:E12.5_E1S4.MOSTA,0.7522733731173629,0.13200366848055534,test both,,False
HESTA:CS19_E1S2_HESTA,"E12.5,E13.5",CS19_E1,A,0.6202697046368075,MOSTA:E12.5_E1S1.MOSTA,0.7647243107769424,0.14445460614013483,test both,,False
HESTA:CS19_E1S2_HESTA,"E12.5,E13.5",CS19_E1,A,0.6202697046368075,MOSTA:E12.5_E1S2.MOSTA,0.8076784101174345,0.18740870548062694,test both,,False
HESTA:CS19_E1S2_HESTA,"E12.5,E13.5",CS19_E1,A,0.6202697046368075,MOSTA:E13.5_E1S4.MOSTA,0.2071546675096368,0.41311503712717074,test both,,False
HESTA:CS19_E1S2_HESTA,"E12.5,E13.5",CS19_E1,A,0.6202697046368075,MOSTA:E13.5_E1S2.MOSTA,0.1387358689552462,0.48153383568156133,test both,,False
HESTA:CS19_E1S2_HESTA,"E12.5,E13.5",CS19_E1,A,0.6202697046368075,MOSTA:E12.5_E2S1.MOSTA,0.11505003268466837,0.5052196719521391,test both,,False
HESTA:CS19_E1S2_HESTA,"E12.5,E13.5",CS19_E1,A,0.6202697046368075,MOSTA:E12.5_E1S3.MOSTA,0.10299387583313163,0.5172758288036758,test both,,False
HESTA:CS19_E1S2_HESTA,"E12.5,E13.5",CS19_E1,A,0.6202697046368075,MOSTA:E13.5_E1S3.MOSTA,0.04123142801531175,0.5790382766214958,test both,,False
HESTA:CS19_E1S2_HESTA,"E12.5,E13.5",CS19_E1,A,0.6202697046368075,MOSTA:E13.5_E1S1.MOSTA,0.03525071363171218,0.5850189910050954,test both,,False
HESTA:CS19_E1S3_HESTA,"E12.5,E13.5",CS19_E1,A,0.6202697046368075,MOSTA:E12.5_E1S5.MOSTA,0.6666666666666666,0.0463969620298591,test both,,True
HESTA:CS19_E1S3_HESTA,"E12.5,E13.5",CS19_E1,A,0.6202697046368075,MOSTA:E12.5_E1S4.MOSTA,0.7522733731173629,0.13200366848055534,test both,,False
HESTA:CS19_E1S3_HESTA,"E12.5,E13.5",CS19_E1,A,0.6202697046368075,MOSTA:E12.5_E1S1.MOSTA,0.7647243107769424,0.14445460614013483,test both,,False
HESTA:CS19_E1S3_HESTA,"E12.5,E13.5",CS19_E1,A,0.6202697046368075,MOSTA:E12.5_E1S2.MOSTA,0.8076784101174345,0.18740870548062694,test both,,False
HESTA:CS19_E1S3_HESTA,"E12.5,E13.5",CS19_E1,A,0.6202697046368075,MOSTA:E13.5_E1S4.MOSTA,0.2071546675096368,0.41311503712717074,test both,,False
HESTA:CS19_E1S3_HESTA,"E12.5,E13.5",CS19_E1,A,0.6202697046368075,MOSTA:E13.5_E1S2.MOSTA,0.1387358689552462,0.48153383568156133,test both,,False
HESTA:CS19_E1S3_HESTA,"E12.5,E13.5",CS19_E1,A,0.6202697046368075,MOSTA:E12.5_E2S1.MOSTA,0.11505003268466837,0.5052196719521391,test both,,False
HESTA:CS19_E1S3_HESTA,"E12.5,E13.5",CS19_E1,A,0.6202697046368075,MOSTA:E12.5_E1S3.MOSTA,0.10299387583313163,0.5172758288036758,test both,,False
HESTA:CS19_E1S3_HESTA,"E12.5,E13.5",CS19_E1,A,0.6202697046368075,MOSTA:E13.5_E1S3.MOSTA,0.04123142801531175,0.5790382766214958,test both,,False
HESTA:CS19_E1S3_HESTA,"E12.5,E13.5",CS19_E1,A,0.6202697046368075,MOSTA:E13.5_E1S1.MOSTA,0.03525071363171218,0.5850189910050954,test both,,False
HESTA:CS19_E2S1_HESTA,"E12.5,E13.5",CS19_E2,A,0.4602746751935024,MOSTA:E12.5_E1S5.MOSTA,0.6666666666666666,0.20639199147316423,test both,,True
HESTA:CS19_E2S1_HESTA,"E12.5,E13.5",CS19_E2,A,0.4602746751935024,MOSTA:E13.5_E1S4.MOSTA,0.2071546675096368,0.2531200076838656,test both,,False
HESTA:CS19_E2S1_HESTA,"E12.5,E13.5",CS19_E2,A,0.4602746751935024,MOSTA:E12.5_E1S4.MOSTA,0.7522733731173629,0.29199869792386046,test both,,False
HESTA:CS19_E2S1_HESTA,"E12.5,E13.5",CS19_E2,A,0.4602746751935024,MOSTA:E12.5_E1S1.MOSTA,0.7647243107769424,0.30444963558343996,test both,,False
HESTA:CS19_E2S1_HESTA,"E12.5,E13.5",CS19_E2,A,0.4602746751935024,MOSTA:E13.5_E1S2.MOSTA,0.1387358689552462,0.3215388062382562,test both,,False
HESTA:CS19_E2S1_HESTA,"E12.5,E13.5",CS19_E2,A,0.4602746751935024,MOSTA:E12.5_E2S1.MOSTA,0.11505003268466837,0.345224642508834,test both,,False
HESTA:CS19_E2S1_HESTA,"E12.5,E13.5",CS19_E2,A,0.4602746751935024,MOSTA:E12.5_E1S2.MOSTA,0.8076784101174345,0.34740373492393206,test both,,False
HESTA:CS19_E2S1_HESTA,"E12.5,E13.5",CS19_E2,A,0.4602746751935024,MOSTA:E12.5_E1S3.MOSTA,0.10299387583313163,0.35728079936037077,test both,,False
HESTA:CS19_E2S1_HESTA,"E12.5,E13.5",CS19_E2,A,0.4602746751935024,MOSTA:E13.5_E1S3.MOSTA,0.04123142801531175,0.41904324717819064,test both,,False
HESTA:CS19_E2S1_HESTA,"E12.5,E13.5",CS19_E2,A,0.4602746751935024,MOSTA:E13.5_E1S1.MOSTA,0.03525071363171218,0.42502396156179023,test both,,False
HESTA:CS19_E2S2_HESTA,"E12.5,E13.5",CS19_E2,A,0.4349922889098479,MOSTA:E13.5_E1S4.MOSTA,0.2071546675096368,0.22783762140021113,test both,,True
HESTA:CS19_E2S2_HESTA,"E12.5,E13.5",CS19_E2,A,0.4349922889098479,MOSTA:E12.5_E1S5.MOSTA,0.6666666666666666,0.2316743777568187,test both,,False
HESTA:CS19_E2S2_HESTA,"E12.5,E13.5",CS19_E2,A,0.4349922889098479,MOSTA:E13.5_E1S2.MOSTA,0.1387358689552462,0.2962564199546017,test both,,False
HESTA:CS19_E2S2_HESTA,"E12.5,E13.5",CS19_E2,A,0.4349922889098479,MOSTA:E12.5_E1S4.MOSTA,0.7522733731173629,0.31728108420751494,test both,,False
HESTA:CS19_E2S2_HESTA,"E12.5,E13.5",CS19_E2,A,0.4349922889098479,MOSTA:E12.5_E2S1.MOSTA,0.11505003268466837,0.3199422562251796,test both,,False
HESTA:CS19_E2S2_HESTA,"E12.5,E13.5",CS19_E2,A,0.4349922889098479,MOSTA:E12.5_E1S1.MOSTA,0.7647243107769424,0.32973202186709444,test both,,False
HESTA:CS19_E2S2_HESTA,"E12.5,E13.5",CS19_E2,A,0.4349922889098479,MOSTA:E12.5_E1S3.MOSTA,0.10299387583313163,0.3319984130767163,test both,,False
HESTA:CS19_E2S2_HESTA,"E12.5,E13.5",CS19_E2,A,0.4349922889098479,MOSTA:E12.5_E1S2.MOSTA,0.8076784101174345,0.37268612120758654,test both,,False
HESTA:CS19_E2S2_HESTA,"E12.5,E13.5",CS19_E2,A,0.4349922889098479,MOSTA:E13.5_E1S3.MOSTA,0.04123142801531175,0.39376086089453616,test both,,False
HESTA:CS19_E2S2_HESTA,"E12.5,E13.5",CS19_E2,A,0.4349922889098479,MOSTA:E13.5_E1S1.MOSTA,0.03525071363171218,0.39974157527813575,test both,,False
HESTA:CS19_E2S3_HESTA,"E12.5,E13.5",CS19_E2,A,0.21462009288408432,MOSTA:E13.5_E1S4.MOSTA,0.2071546675096368,0.007465425374447526,test both,,True
HESTA:CS19_E2S3_HESTA,"E12.5,E13.5",CS19_E2,A,0.21462009288408432,MOSTA:E13.5_E1S2.MOSTA,0.1387358689552462,0.07588422392883812,test both,,False
HESTA:CS19_E2S3_HESTA,"E12.5,E13.5",CS19_E2,A,0.21462009288408432,MOSTA:E12.5_E2S1.MOSTA,0.11505003268466837,0.09957006019941594,test both,,False
HESTA:CS19_E2S3_HESTA,"E12.5,E13.5",CS19_E2,A,0.21462009288408432,MOSTA:E12.5_E1S3.MOSTA,0.10299387583313163,0.11162621705095269,test both,,False
HESTA:CS19_E2S3_HESTA,"E12.5,E13.5",CS19_E2,A,0.21462009288408432,MOSTA:E13.5_E1S3.MOSTA,0.04123142801531175,0.17338866486877258,test both,,False
HESTA:CS19_E2S3_HESTA,"E12.5,E13.5",CS19_E2,A,0.21462009288408432,MOSTA:E13.5_E1S1.MOSTA,0.03525071363171218,0.17936937925237215,test both,,False
HESTA:CS19_E2S3_HESTA,"E12.5,E13.5",CS19_E2,A,0.21462009288408432,MOSTA:E12.5_E1S5.MOSTA,0.6666666666666666,0.4520465737825823,test both,,False
HESTA:CS19_E2S3_HESTA,"E12.5,E13.5",CS19_E2,A,0.21462009288408432,MOSTA:E12.5_E1S4.MOSTA,0.7522733731173629,0.5376532802332785,test both,,False
HESTA:CS19_E2S3_HESTA,"E12.5,E13.5",CS19_E2,A,0.21462009288408432,MOSTA:E12.5_E1S1.MOSTA,0.7647243107769424,0.550104217892858,test both,,False
HESTA:CS19_E2S3_HESTA,"E12.5,E13.5",CS19_E2,A,0.21462009288408432,MOSTA:E12.5_E1S2.MOSTA,0.8076784101174345,0.5930583172333501,test both,,False
HESTA:CS19_E2S4_HESTA,"E12.5,E13.5",CS19_E2,0,0.06136785763436755,MOSTA:E13.5_E1S3.MOSTA,0.04123142801531175,0.020136429619055797,as is,,True
HESTA:CS19_E2S4_HESTA,"E12.5,E13.5",CS19_E2,0,0.06136785763436755,MOSTA:E13.5_E1S1.MOSTA,0.03525071363171218,0.02611714400265537,as is,,False
HESTA:CS19_E2S4_HESTA,"E12.5,E13.5",CS19_E2,0,0.06136785763436755,MOSTA:E12.5_E1S3.MOSTA,0.10299387583313163,0.04162601819876408,test both,,False
HESTA:CS19_E2S4_HESTA,"E12.5,E13.5",CS19_E2,0,0.06136785763436755,MOSTA:E12.5_E2S1.MOSTA,0.11505003268466837,0.053682175050300825,test both,,False
HESTA:CS19_E2S4_HESTA,"E12.5,E13.5",CS19_E2,0,0.06136785763436755,MOSTA:E13.5_E1S2.MOSTA,0.1387358689552462,0.07736801132087864,test both,,False
HESTA:CS19_E2S4_HESTA,"E12.5,E13.5",CS19_E2,0,0.06136785763436755,MOSTA:E13.5_E1S4.MOSTA,0.2071546675096368,0.14578680987526924,test both,,False
HESTA:CS19_E2S4_HESTA,"E12.5,E13.5",CS19_E2,0,0.06136785763436755,MOSTA:E12.5_E1S5.MOSTA,0.6666666666666666,0.605298809032299,test both,,False
HESTA:CS19_E2S4_HESTA,"E12.5,E13.5",CS19_E2,0,0.06136785763436755,MOSTA:E12.5_E1S4.MOSTA,0.7522733731173629,0.6909055154829953,test both,,False
HESTA:CS19_E2S4_HESTA,"E12.5,E13.5",CS19_E2,0,0.06136785763436755,MOSTA:E12.5_E1S1.MOSTA,0.7647243107769424,0.7033564531425748,test both,,False
HESTA:CS19_E2S4_HESTA,"E12.5,E13.5",CS19_E2,0,0.06136785763436755,MOSTA:E12.5_E1S2.MOSTA,0.8076784101174345,0.7463105524830669,test both,,False
HESTA:CS20_E1S1_HESTA,E13.5,CS20_E1,A,0.920381605557021,MOSTA:E13.5_E1S4.MOSTA,0.2071546675096368,0.7132269380473841,test both,,True
HESTA:CS20_E1S1_HESTA,E13.5,CS20_E1,A,0.920381605557021,MOSTA:E13.5_E1S2.MOSTA,0.1387358689552462,0.7816457366017748,test both,,False
HESTA:CS20_E1S1_HESTA,E13.5,CS20_E1,A,0.920381605557021,MOSTA:E13.5_E1S3.MOSTA,0.04123142801531175,0.8791501775417092,test both,,False
HESTA:CS20_E1S1_HESTA,E13.5,CS20_E1,A,0.920381605557021,MOSTA:E13.5_E1S1.MOSTA,0.03525071363171218,0.8851308919253088,test both,,False
HESTA:CS20_E1S2_HESTA,E13.5,CS20_E1,A,0.920381605557021,MOSTA:E13.5_E1S4.MOSTA,0.2071546675096368,0.7132269380473841,test both,,True
HESTA:CS20_E1S2_HESTA,E13.5,CS20_E1,A,0.920381605557021,MOSTA:E13.5_E1S2.MOSTA,0.1387358689552462,0.7816457366017748,test both,,False
HESTA:CS20_E1S2_HESTA,E13.5,CS20_E1,A,0.920381605557021,MOSTA:E13.5_E1S3.MOSTA,0.04123142801531175,0.8791501775417092,test both,,False
HESTA:CS20_E1S2_HESTA,E13.5,CS20_E1,A,0.920381605557021,MOSTA:E13.5_E1S1.MOSTA,0.03525071363171218,0.8851308919253088,test both,,False
HESTA:CS20_E1S3_HESTA,E13.5,CS20_E1,A,0.8002428658166363,MOSTA:E13.5_E1S4.MOSTA,0.2071546675096368,0.5930881983069995,test both,,True
HESTA:CS20_E1S3_HESTA,E13.5,CS20_E1,A,0.8002428658166363,MOSTA:E13.5_E1S2.MOSTA,0.1387358689552462,0.66150699686139,test both,,False
HESTA:CS20_E1S3_HESTA,E13.5,CS20_E1,A,0.8002428658166363,MOSTA:E13.5_E1S3.MOSTA,0.04123142801531175,0.7590114378013245,test both,,False
HESTA:CS20_E1S3_HESTA,E13.5,CS20_E1,A,0.8002428658166363,MOSTA:E13.5_E1S1.MOSTA,0.03525071363171218,0.7649921521849241,test both,,False
HESTA:CS20_E1S4_HESTA,E13.5,CS20_E1,A,0.7880942093160651,MOSTA:E13.5_E1S4.MOSTA,0.2071546675096368,0.5809395418064283,test both,,True
HESTA:CS20_E1S4_HESTA,E13.5,CS20_E1,A,0.7880942093160651,MOSTA:E13.5_E1S2.MOSTA,0.1387358689552462,0.649358340360819,test both,,False
HESTA:CS20_E1S4_HESTA,E13.5,CS20_E1,A,0.7880942093160651,MOSTA:E13.5_E1S3.MOSTA,0.04123142801531175,0.7468627813007533,test both,,False
HESTA:CS20_E1S4_HESTA,E13.5,CS20_E1,A,0.7880942093160651,MOSTA:E13.5_E1S1.MOSTA,0.03525071363171218,0.7528434956843529,test both,,False
HESTA:CS20_E1S5_HESTA,E13.5,CS20_E1,A,0.7880942093160651,MOSTA:E13.5_E1S4.MOSTA,0.2071546675096368,0.5809395418064283,test both,,True
HESTA:CS20_E1S5_HESTA,E13.5,CS20_E1,A,0.7880942093160651,MOSTA:E13.5_E1S2.MOSTA,0.1387358689552462,0.649358340360819,test both,,False
HESTA:CS20_E1S5_HESTA,E13.5,CS20_E1,A,0.7880942093160651,MOSTA:E13.5_E1S3.MOSTA,0.04123142801531175,0.7468627813007533,test both,,False
HESTA:CS20_E1S5_HESTA,E13.5,CS20_E1,A,0.7880942093160651,MOSTA:E13.5_E1S1.MOSTA,0.03525071363171218,0.7528434956843529,test both,,False
HESTA:CS20_E1S6_HESTA,E13.5,CS20_E1,A,0.6574413034338912,MOSTA:E13.5_E1S4.MOSTA,0.2071546675096368,0.4502866359242544,test both,,True
HESTA:CS20_E1S6_HESTA,E13.5,CS20_E1,A,0.6574413034338912,MOSTA:E13.5_E1S2.MOSTA,0.1387358689552462,0.518705434478645,test both,,False
HESTA:CS20_E1S6_HESTA,E13.5,CS20_E1,A,0.6574413034338912,MOSTA:E13.5_E1S3.MOSTA,0.04123142801531175,0.6162098754185794,test both,,False
HESTA:CS20_E1S6_HESTA,E13.5,CS20_E1,A,0.6574413034338912,MOSTA:E13.5_E1S1.MOSTA,0.03525071363171218,0.622190589802179,test both,,False
HESTA:CS20_E1S7_HESTA,E13.5,CS20_E1,A,0.6574413034338912,MOSTA:E13.5_E1S4.MOSTA,0.2071546675096368,0.4502866359242544,test both,,True
HESTA:CS20_E1S7_HESTA,E13.5,CS20_E1,A,0.6574413034338912,MOSTA:E13.5_E1S2.MOSTA,0.1387358689552462,0.518705434478645,test both,,False
HESTA:CS20_E1S7_HESTA,E13.5,CS20_E1,A,0.6574413034338912,MOSTA:E13.5_E1S3.MOSTA,0.04123142801531175,0.6162098754185794,test both,,False
HESTA:CS20_E1S7_HESTA,E13.5,CS20_E1,A,0.6574413034338912,MOSTA:E13.5_E1S1.MOSTA,0.03525071363171218,0.622190589802179,test both,,False
HESTA:CS20_E2S1_HESTA,E13.5,CS20_E2,A,0.764407096171802,MOSTA:E13.5_E1S4.MOSTA,0.2071546675096368,0.5572524286621652,test both,,True
HESTA:CS20_E2S1_HESTA,E13.5,CS20_E2,A,0.764407096171802,MOSTA:E13.5_E1S2.MOSTA,0.1387358689552462,0.6256712272165559,test both,,False
HESTA:CS20_E2S1_HESTA,E13.5,CS20_E2,A,0.764407096171802,MOSTA:E13.5_E1S3.MOSTA,0.04123142801531175,0.7231756681564903,test both,,False
HESTA:CS20_E2S1_HESTA,E13.5,CS20_E2,A,0.764407096171802,MOSTA:E13.5_E1S1.MOSTA,0.03525071363171218,0.7291563825400899,test both,,False
HESTA:CS20_E2S2_HESTA,E13.5,CS20_E2,A,0.6402288603087899,MOSTA:E13.5_E1S4.MOSTA,0.2071546675096368,0.4330741927991531,test both,,True
HESTA:CS20_E2S2_HESTA,E13.5,CS20_E2,A,0.6402288603087899,MOSTA:E13.5_E1S2.MOSTA,0.1387358689552462,0.5014929913535437,test both,,False
HESTA:CS20_E2S2_HESTA,E13.5,CS20_E2,A,0.6402288603087899,MOSTA:E13.5_E1S3.MOSTA,0.04123142801531175,0.5989974322934781,test both,,False
HESTA:CS20_E2S2_HESTA,E13.5,CS20_E2,A,0.6402288603087899,MOSTA:E13.5_E1S1.MOSTA,0.03525071363171218,0.6049781466770777,test both,,False
HESTA:CS20_E2S3_HESTA,E13.5,CS20_E2,A,0.4713884443505599,MOSTA:E13.5_E1S4.MOSTA,0.2071546675096368,0.2642337768409231,test both,,True
HESTA:CS20_E2S3_HESTA,E13.5,CS20_E2,A,0.4713884443505599,MOSTA:E13.5_E1S2.MOSTA,0.1387358689552462,0.3326525753953137,test both,,False
HESTA:CS20_E2S3_HESTA,E13.5,CS20_E2,A,0.4713884443505599,MOSTA:E13.5_E1S3.MOSTA,0.04123142801531175,0.4301570163352481,test both,,False
HESTA:CS20_E2S3_HESTA,E13.5,CS20_E2,A,0.4713884443505599,MOSTA:E13.5_E1S1.MOSTA,0.03525071363171218,0.4361377307188477,test both,,False
HESTA:CS20_E2S4_HESTA,E13.5,CS20_E2,A,0.27207411257430053,MOSTA:E13.5_E1S4.MOSTA,0.2071546675096368,0.06491944506466374,test both,,True
HESTA:CS20_E2S4_HESTA,E13.5,CS20_E2,A,0.27207411257430053,MOSTA:E13.5_E1S2.MOSTA,0.1387358689552462,0.13333824361905433,test both,,False
HESTA:CS20_E2S4_HESTA,E13.5,CS20_E2,A,0.27207411257430053,MOSTA:E13.5_E1S3.MOSTA,0.04123142801531175,0.23084268455898876,test both,,False
HESTA:CS20_E2S4_HESTA,E13.5,CS20_E2,A,0.27207411257430053,MOSTA:E13.5_E1S1.MOSTA,0.03525071363171218,0.23682339894258836,test both,,False
HESTA:CS23_E1S1_HESTA,E14.5,CS23_E1,A,0.2849407074053971,MOSTA:E14.5_E1S4.MOSTA,0.4747651002605076,0.1898243928551105,test both,,True
HESTA:CS23_E1S1_HESTA,E14.5,CS23_E1,A,0.2849407074053971,MOSTA:E14.5_E1S1.MOSTA,0.5949579759719976,0.3100172685666005,test both,,False
HESTA:CS23_E1S1_HESTA,E14.5,CS23_E1,A,0.2849407074053971,MOSTA:E14.5_E1S5.MOSTA,0.6145369202271469,0.3295962128217498,test both,,False
HESTA:CS23_E1S1_HESTA,E14.5,CS23_E1,A,0.2849407074053971,MOSTA:E14.5_E2S2.MOSTA,0.7238085453065535,0.43886783790115635,test both,,False
HESTA:CS23_E1S1_HESTA,E14.5,CS23_E1,A,0.2849407074053971,MOSTA:E14.5_E1S2.MOSTA,0.7971718204276343,0.5122311130222372,test both,,False
HESTA:CS23_E1S1_HESTA,E14.5,CS23_E1,A,0.2849407074053971,MOSTA:E14.5_E1S3.MOSTA,0.8333333333333333,0.5483926259279361,test both,,False
HESTA:CS23_E1S1_HESTA,E14.5,CS23_E1,A,0.2849407074053971,MOSTA:E14.5_E2S1.MOSTA,0.8333333333333333,0.5483926259279361,test both,,False
HESTA:CS23_E1S2_HESTA,E14.5,CS23_E1,A,0.5698462107678688,MOSTA:E14.5_E1S1.MOSTA,0.5949579759719976,0.025111765204128833,test both,,True
HESTA:CS23_E1S2_HESTA,E14.5,CS23_E1,A,0.5698462107678688,MOSTA:E14.5_E1S5.MOSTA,0.6145369202271469,0.04469070945927811,test both,,False
HESTA:CS23_E1S2_HESTA,E14.5,CS23_E1,A,0.5698462107678688,MOSTA:E14.5_E1S4.MOSTA,0.4747651002605076,0.09508111050736118,test both,,False
HESTA:CS23_E1S2_HESTA,E14.5,CS23_E1,A,0.5698462107678688,MOSTA:E14.5_E2S2.MOSTA,0.7238085453065535,0.1539623345386847,test both,,False
HESTA:CS23_E1S2_HESTA,E14.5,CS23_E1,A,0.5698462107678688,MOSTA:E14.5_E1S2.MOSTA,0.7971718204276343,0.22732560965976556,test both,,False
HESTA:CS23_E1S2_HESTA,E14.5,CS23_E1,A,0.5698462107678688,MOSTA:E14.5_E1S3.MOSTA,0.8333333333333333,0.26348712256546447,test both,,False
HESTA:CS23_E1S2_HESTA,E14.5,CS23_E1,A,0.5698462107678688,MOSTA:E14.5_E2S1.MOSTA,0.8333333333333333,0.26348712256546447,test both,,False
HESTA:CS23_E1S3_HESTA,E14.5,CS23_E1,A,0.7236361233211569,MOSTA:E14.5_E2S2.MOSTA,0.7238085453065535,0.00017242198539657583,test both,,True
HESTA:CS23_E1S3_HESTA,E14.5,CS23_E1,A,0.7236361233211569,MOSTA:E14.5_E1S2.MOSTA,0.7971718204276343,0.07353569710647745,test both,,False
HESTA:CS23_E1S3_HESTA,E14.5,CS23_E1,A,0.7236361233211569,MOSTA:E14.5_E1S5.MOSTA,0.6145369202271469,0.10909920309401,test both,,False
HESTA:CS23_E1S3_HESTA,E14.5,CS23_E1,A,0.7236361233211569,MOSTA:E14.5_E1S3.MOSTA,0.8333333333333333,0.10969721001217636,test both,,False
HESTA:CS23_E1S3_HESTA,E14.5,CS23_E1,A,0.7236361233211569,MOSTA:E14.5_E2S1.MOSTA,0.8333333333333333,0.10969721001217636,test both,,False
HESTA:CS23_E1S3_HESTA,E14.5,CS23_E1,A,0.7236361233211569,MOSTA:E14.5_E1S1.MOSTA,0.5949579759719976,0.12867814734915928,test both,,False
HESTA:CS23_E1S3_HESTA,E14.5,CS23_E1,A,0.7236361233211569,MOSTA:E14.5_E1S4.MOSTA,0.4747651002605076,0.2488710230606493,test both,,False
HESTA:CS23_E2S10_HESTA,E14.5,CS23_E2,B,0.7698999803656608,MOSTA:E14.5_E1S2.MOSTA,0.7971718204276343,0.027271840061973585,test both,,True
HESTA:CS23_E2S10_HESTA,E14.5,CS23_E2,B,0.7698999803656608,MOSTA:E14.5_E2S2.MOSTA,0.7238085453065535,0.04609143505910729,test both,,False
HESTA:CS23_E2S10_HESTA,E14.5,CS23_E2,B,0.7698999803656608,MOSTA:E14.5_E1S3.MOSTA,0.8333333333333333,0.0634333529676725,test both,,False
HESTA:CS23_E2S10_HESTA,E14.5,CS23_E2,B,0.7698999803656608,MOSTA:E14.5_E2S1.MOSTA,0.8333333333333333,0.0634333529676725,test both,,False
HESTA:CS23_E2S10_HESTA,E14.5,CS23_E2,B,0.7698999803656608,MOSTA:E14.5_E1S5.MOSTA,0.6145369202271469,0.15536306013851386,test both,,False
HESTA:CS23_E2S10_HESTA,E14.5,CS23_E2,B,0.7698999803656608,MOSTA:E14.5_E1S1.MOSTA,0.5949579759719976,0.17494200439366314,test both,,False
HESTA:CS23_E2S10_HESTA,E14.5,CS23_E2,B,0.7698999803656608,MOSTA:E14.5_E1S4.MOSTA,0.4747651002605076,0.29513488010515315,test both,,False
HESTA:CS23_E2S1_HESTA,E14.5,CS23_E2,A,0.7939226749282764,MOSTA:E14.5_E1S2.MOSTA,0.7971718204276343,0.0032491454993579527,test both,,True
HESTA:CS23_E2S1_HESTA,E14.5,CS23_E2,A,0.7939226749282764,MOSTA:E14.5_E1S3.MOSTA,0.8333333333333333,0.039410658405056864,test both,,False
HESTA:CS23_E2S1_HESTA,E14.5,CS23_E2,A,0.7939226749282764,MOSTA:E14.5_E2S1.MOSTA,0.8333333333333333,0.039410658405056864,test both,,False
HESTA:CS23_E2S1_HESTA,E14.5,CS23_E2,A,0.7939226749282764,MOSTA:E14.5_E2S2.MOSTA,0.7238085453065535,0.07011412962172292,test both,,False
HESTA:CS23_E2S1_HESTA,E14.5,CS23_E2,A,0.7939226749282764,MOSTA:E14.5_E1S5.MOSTA,0.6145369202271469,0.1793857547011295,test both,,False
HESTA:CS23_E2S1_HESTA,E14.5,CS23_E2,A,0.7939226749282764,MOSTA:E14.5_E1S1.MOSTA,0.5949579759719976,0.19896469895627877,test both,,False
HESTA:CS23_E2S1_HESTA,E14.5,CS23_E2,A,0.7939226749282764,MOSTA:E14.5_E1S4.MOSTA,0.4747651002605076,0.3191575746677688,test both,,False
HESTA:CS23_E2S2_HESTA,E14.5,CS23_E2,A,0.7939226749282764,MOSTA:E14.5_E1S2.MOSTA,0.7971718204276343,0.0032491454993579527,test both,,True
HESTA:CS23_E2S2_HESTA,E14.5,CS23_E2,A,0.7939226749282764,MOSTA:E14.5_E1S3.MOSTA,0.8333333333333333,0.039410658405056864,test both,,False
HESTA:CS23_E2S2_HESTA,E14.5,CS23_E2,A,0.7939226749282764,MOSTA:E14.5_E2S1.MOSTA,0.8333333333333333,0.039410658405056864,test both,,False
HESTA:CS23_E2S2_HESTA,E14.5,CS23_E2,A,0.7939226749282764,MOSTA:E14.5_E2S2.MOSTA,0.7238085453065535,0.07011412962172292,test both,,False
HESTA:CS23_E2S2_HESTA,E14.5,CS23_E2,A,0.7939226749282764,MOSTA:E14.5_E1S5.MOSTA,0.6145369202271469,0.1793857547011295,test both,,False
HESTA:CS23_E2S2_HESTA,E14.5,CS23_E2,A,0.7939226749282764,MOSTA:E14.5_E1S1.MOSTA,0.5949579759719976,0.19896469895627877,test both,,False
HESTA:CS23_E2S2_HESTA,E14.5,CS23_E2,A,0.7939226749282764,MOSTA:E14.5_E1S4.MOSTA,0.4747651002605076,0.3191575746677688,test both,,False
HESTA:CS23_E2S3_HESTA,E14.5,CS23_E2,A,0.7939226749282764,MOSTA:E14.5_E1S2.MOSTA,0.7971718204276343,0.0032491454993579527,test both,,True
HESTA:CS23_E2S3_HESTA,E14.5,CS23_E2,A,0.7939226749282764,MOSTA:E14.5_E1S3.MOSTA,0.8333333333333333,0.039410658405056864,test both,,False
HESTA:CS23_E2S3_HESTA,E14.5,CS23_E2,A,0.7939226749282764,MOSTA:E14.5_E2S1.MOSTA,0.8333333333333333,0.039410658405056864,test both,,False
HESTA:CS23_E2S3_HESTA,E14.5,CS23_E2,A,0.7939226749282764,MOSTA:E14.5_E2S2.MOSTA,0.7238085453065535,0.07011412962172292,test both,,False
HESTA:CS23_E2S3_HESTA,E14.5,CS23_E2,A,0.7939226749282764,MOSTA:E14.5_E1S5.MOSTA,0.6145369202271469,0.1793857547011295,test both,,False
HESTA:CS23_E2S3_HESTA,E14.5,CS23_E2,A,0.7939226749282764,MOSTA:E14.5_E1S1.MOSTA,0.5949579759719976,0.19896469895627877,test both,,False
HESTA:CS23_E2S3_HESTA,E14.5,CS23_E2,A,0.7939226749282764,MOSTA:E14.5_E1S4.MOSTA,0.4747651002605076,0.3191575746677688,test both,,False
HESTA:CS23_E2S4_HESTA,E14.5,CS23_E2,A,0.7939226749282764,MOSTA:E14.5_E1S2.MOSTA,0.7971718204276343,0.0032491454993579527,test both,,True
HESTA:CS23_E2S4_HESTA,E14.5,CS23_E2,A,0.7939226749282764,MOSTA:E14.5_E1S3.MOSTA,0.8333333333333333,0.039410658405056864,test both,,False
HESTA:CS23_E2S4_HESTA,E14.5,CS23_E2,A,0.7939226749282764,MOSTA:E14.5_E2S1.MOSTA,0.8333333333333333,0.039410658405056864,test both,,False
HESTA:CS23_E2S4_HESTA,E14.5,CS23_E2,A,0.7939226749282764,MOSTA:E14.5_E2S2.MOSTA,0.7238085453065535,0.07011412962172292,test both,,False
HESTA:CS23_E2S4_HESTA,E14.5,CS23_E2,A,0.7939226749282764,MOSTA:E14.5_E1S5.MOSTA,0.6145369202271469,0.1793857547011295,test both,,False
HESTA:CS23_E2S4_HESTA,E14.5,CS23_E2,A,0.7939226749282764,MOSTA:E14.5_E1S1.MOSTA,0.5949579759719976,0.19896469895627877,test both,,False
HESTA:CS23_E2S4_HESTA,E14.5,CS23_E2,A,0.7939226749282764,MOSTA:E14.5_E1S4.MOSTA,0.4747651002605076,0.3191575746677688,test both,,False
HESTA:CS23_E2S5_HESTA,E14.5,CS23_E2,A,0.6600975144861814,MOSTA:E14.5_E1S5.MOSTA,0.6145369202271469,0.04556059425903447,test both,,True
HESTA:CS23_E2S5_HESTA,E14.5,CS23_E2,A,0.6600975144861814,MOSTA:E14.5_E2S2.MOSTA,0.7238085453065535,0.0637110308203721,test both,,False
HESTA:CS23_E2S5_HESTA,E14.5,CS23_E2,A,0.6600975144861814,MOSTA:E14.5_E1S1.MOSTA,0.5949579759719976,0.06513953851418375,test both,,False
HESTA:CS23_E2S5_HESTA,E14.5,CS23_E2,A,0.6600975144861814,MOSTA:E14.5_E1S2.MOSTA,0.7971718204276343,0.13707430594145298,test both,,False
HESTA:CS23_E2S5_HESTA,E14.5,CS23_E2,A,0.6600975144861814,MOSTA:E14.5_E1S3.MOSTA,0.8333333333333333,0.1732358188471519,test both,,False
HESTA:CS23_E2S5_HESTA,E14.5,CS23_E2,A,0.6600975144861814,MOSTA:E14.5_E2S1.MOSTA,0.8333333333333333,0.1732358188471519,test both,,False
HESTA:CS23_E2S5_HESTA,E14.5,CS23_E2,A,0.6600975144861814,MOSTA:E14.5_E1S4.MOSTA,0.4747651002605076,0.18533241422567376,test both,,False
HESTA:CS23_E2S6_HESTA,E14.5,CS23_E2,0,0.3915135472925526,MOSTA:E14.5_E1S4.MOSTA,0.4747651002605076,0.083251552967955,test both,,True
HESTA:CS23_E2S6_HESTA,E14.5,CS23_E2,0,0.3915135472925526,MOSTA:E14.5_E1S1.MOSTA,0.5949579759719976,0.203444428679445,test both,,False
HESTA:CS23_E2S6_HESTA,E14.5,CS23_E2,0,0.3915135472925526,MOSTA:E14.5_E1S5.MOSTA,0.6145369202271469,0.2230233729345943,test both,,False
HESTA:CS23_E2S6_HESTA,E14.5,CS23_E2,0,0.3915135472925526,MOSTA:E14.5_E2S2.MOSTA,0.7238085453065535,0.33229499801400086,test both,,False
HESTA:CS23_E2S6_HESTA,E14.5,CS23_E2,0,0.3915135472925526,MOSTA:E14.5_E1S2.MOSTA,0.7971718204276343,0.40565827313508174,test both,,False
HESTA:CS23_E2S6_HESTA,E14.5,CS23_E2,0,0.3915135472925526,MOSTA:E14.5_E1S3.MOSTA,0.8333333333333333,0.44181978604078065,test both,,False
HESTA:CS23_E2S6_HESTA,E14.5,CS23_E2,0,0.3915135472925526,MOSTA:E14.5_E2S1.MOSTA,0.8333333333333333,0.44181978604078065,test both,,False
HESTA:CS23_E2S7_HESTA,E14.5,CS23_E2,B,0.565124587063206,MOSTA:E14.5_E1S1.MOSTA,0.5949579759719976,0.029833388908791614,test both,,True
HESTA:CS23_E2S7_HESTA,E14.5,CS23_E2,B,0.565124587063206,MOSTA:E14.5_E1S5.MOSTA,0.6145369202271469,0.04941233316394089,test both,,False
HESTA:CS23_E2S7_HESTA,E14.5,CS23_E2,B,0.565124587063206,MOSTA:E14.5_E1S4.MOSTA,0.4747651002605076,0.0903594868026984,test both,,False
HESTA:CS23_E2S7_HESTA,E14.5,CS23_E2,B,0.565124587063206,MOSTA:E14.5_E2S2.MOSTA,0.7238085453065535,0.15868395824334747,test both,,False
HESTA:CS23_E2S7_HESTA,E14.5,CS23_E2,B,0.565124587063206,MOSTA:E14.5_E1S2.MOSTA,0.7971718204276343,0.23204723336442834,test both,,False
HESTA:CS23_E2S7_HESTA,E14.5,CS23_E2,B,0.565124587063206,MOSTA:E14.5_E1S3.MOSTA,0.8333333333333333,0.26820874627012725,test both,,False
HESTA:CS23_E2S7_HESTA,E14.5,CS23_E2,B,0.565124587063206,MOSTA:E14.5_E2S1.MOSTA,0.8333333333333333,0.26820874627012725,test both,,False
HESTA:CS23_E2S8_HESTA,E14.5,CS23_E2,B,0.6295192175551585,MOSTA:E14.5_E1S5.MOSTA,0.6145369202271469,0.014982297328011596,test both,,True
HESTA:CS23_E2S8_HESTA,E14.5,CS23_E2,B,0.6295192175551585,MOSTA:E14.5_E1S1.MOSTA,0.5949579759719976,0.03456124158316087,test both,,False
HESTA:CS23_E2S8_HESTA,E14.5,CS23_E2,B,0.6295192175551585,MOSTA:E14.5_E2S2.MOSTA,0.7238085453065535,0.09428932775139498,test both,,False
HESTA:CS23_E2S8_HESTA,E14.5,CS23_E2,B,0.6295192175551585,MOSTA:E14.5_E1S4.MOSTA,0.4747651002605076,0.15475411729465088,test both,,False
HESTA:CS23_E2S8_HESTA,E14.5,CS23_E2,B,0.6295192175551585,MOSTA:E14.5_E1S2.MOSTA,0.7971718204276343,0.16765260287247585,test both,,False
HESTA:CS23_E2S8_HESTA,E14.5,CS23_E2,B,0.6295192175551585,MOSTA:E14.5_E1S3.MOSTA,0.8333333333333333,0.20381411577817476,test both,,False
HESTA:CS23_E2S8_HESTA,E14.5,CS23_E2,B,0.6295192175551585,MOSTA:E14.5_E2S1.MOSTA,0.8333333333333333,0.20381411577817476,test both,,False
HESTA:CS23_E2S9_HESTA,E14.5,CS23_E2,B,0.6774013681197106,MOSTA:E14.5_E2S2.MOSTA,0.7238085453065535,0.04640717718684284,test both,,True
HESTA:CS23_E2S9_HESTA,E14.5,CS23_E2,B,0.6774013681197106,MOSTA:E14.5_E1S5.MOSTA,0.6145369202271469,0.06286444789256374,test both,,False
HESTA:CS23_E2S9_HESTA,E14.5,CS23_E2,B,0.6774013681197106,MOSTA:E14.5_E1S1.MOSTA,0.5949579759719976,0.08244339214771301,test both,,False
HESTA:CS23_E2S9_HESTA,E14.5,CS23_E2,B,0.6774013681197106,MOSTA:E14.5_E1S2.MOSTA,0.7971718204276343,0.11977045230792371,test both,,False
HESTA:CS23_E2S9_HESTA,E14.5,CS23_E2,B,0.6774013681197106,MOSTA:E14.5_E1S3.MOSTA,0.8333333333333333,0.15593196521362263,test both,,False
HESTA:CS23_E2S9_HESTA,E14.5,CS23_E2,B,0.6774013681197106,MOSTA:E14.5_E2S1.MOSTA,0.8333333333333333,0.15593196521362263,test both,,False
HESTA:CS23_E2S9_HESTA,E14.5,CS23_E2,B,0.6774013681197106,MOSTA:E14.5_E1S4.MOSTA,0.4747651002605076,0.20263626785920302,test both,,False
